instance_id,human_label
getmoto__moto-5752,No Misalignment
getmoto__moto-6178,No Misalignment
getmoto__moto-5865,No Misalignment
getmoto__moto-5545,DP
getmoto__moto-4833,SC-2
getmoto__moto-7105,No Misalignment
getmoto__moto-6185,No Misalignment
getmoto__moto-6212,No Misalignment
getmoto__moto-6469,No Misalignment
getmoto__moto-7111,UL-1
getmoto__moto-5286,No Misalignment
getmoto__moto-6470,"UL-1, SC-2"
getmoto__moto-7584,No Misalignment
getmoto__moto-6308,No Misalignment
getmoto__moto-5417,No Misalignment
getmoto__moto-4847,UL-1
getmoto__moto-5699,No Misalignment
getmoto__moto-5794,No Misalignment
getmoto__moto-7607,DP-1
getmoto__moto-5134,No Misalignment
getmoto__moto-4975,No Misalignment
getmoto__moto-5347,No Misalignment
getmoto__moto-5885,No Misalignment
getmoto__moto-6157,"FP-2, DP-2, IS-2"
getmoto__moto-5020,No Misalignment
getmoto__moto-7484,No Misalignment
getmoto__moto-7361,DP-2
getmoto__moto-4799,No Misalignment
getmoto__moto-5321,No Misalignment
getmoto__moto-5835,No Misalignment
getmoto__moto-5562,No Misalignment
getmoto__moto-6041,No Misalignment
getmoto__moto-7495,No Misalignment
getmoto__moto-6387,No Misalignment
getmoto__moto-7335,"FP-2,IS-2"
getmoto__moto-7348,"UL-1,IS-1"
getmoto__moto-5980,No Misalignment
getmoto__moto-6022,"UL-1,IS-1"
getmoto__moto-6226,No Misalignment
getmoto__moto-5737,No Misalignment
getmoto__moto-5406,No Misalignment
getmoto__moto-5899,No Misalignment
getmoto__moto-6913,DP-2
getmoto__moto-6508,UL-1
getmoto__moto-6317,IS-1
getmoto__moto-5701,IS-1
getmoto__moto-4990,No Misalignment
getmoto__moto-6121,DP-1
getmoto__moto-6355,No Misalignment
getmoto__moto-7273,No Misalignment
getmoto__moto-6585,No Misalignment
getmoto__moto-5960,SC-2
getmoto__moto-5478,No Misalignment
getmoto__moto-5502,No Misalignment
getmoto__moto-6114,No Misalignment
getmoto__moto-7331,DP-1
getmoto__moto-5620,No Misalignment
getmoto__moto-6701,No Misalignment
getmoto__moto-6408,No Misalignment
python__mypy-10392,No Misalignment
python__mypy-15184,"DP-2, IS-1"
python__mypy-11966,No Misalignment
python__mypy-10658,No Misalignment
python__mypy-11420,UL-1
python__mypy-11824,SC-1
python__mypy-5617,No Misalignment
python__mypy-15208,No Misalignment
python__mypy-15876,UL-1
python__mypy-16963,DP-1
python__mypy-10478,No Misalignment
python__mypy-9625,No Misalignment
python__mypy-10308,"SC-3,IS-2"
python__mypy-12741,No Misalignment
python__mypy-11434,No Misalignment
python__mypy-11236,SC-1
python__mypy-16966,No Misalignment
python__mypy-15131,UL-1
python__mypy-10174,No Misalignment
python__mypy-11857,No Misalignment
python__mypy-10424,No Misalignment
python__mypy-16869,No Misalignment
python__mypy-11241,"UL-1, DP-2,IS-2"
python__mypy-11352,DP-1
python__mypy-10284,SC-2
python__mypy-15413,No Misalignment
python__mypy-12222,No Misalignment
python__mypy-9629,"SC-1, IS-2"
python__mypy-10382,DP-2
python__mypy-10401,No Misalignment
python__mypy-10430,No Misalignment
python__mypy-9909,No Misalignment
python__mypy-16555,IS-2
python__mypy-11567,No Misalignment
python__mypy-11945,"FP-2, SC-3"
python__mypy-17071,SC-3
python__mypy-16905,No Misalignment
python__mypy-12417,No Misalignment
python__mypy-11707,No Misalignment
python__mypy-15139,IS-2
conan-io__conan-13788,IS-1
conan-io__conan-11560,"UL-1,IS-2"
conan-io__conan-14296,No Misalignment
conan-io__conan-13721,No Misalignment
conan-io__conan-12397,No Misalignment
conan-io__conan-14177,"UL-1,IS-2"
conan-io__conan-13610,No Misalignment
conan-io__conan-13326,UL-1
conan-io__conan-13230,No Misalignment
conan-io__conan-11594,No Misalignment
conan-io__conan-15422,DP-1
conan-io__conan-13403,No Misalignment
iterative__dvc-5822,No Misalignment
iterative__dvc-4785,No Misalignment
iterative__dvc-1712,IS-1
iterative__dvc-3677,IS-2
iterative__dvc-4185,No Misalignment
iterative__dvc-3576,"FP-2,IS-2"
iterative__dvc-1877,UL-1
iterative__dvc-5148,No Misalignment
iterative__dvc-4166,No Misalignment
iterative__dvc-2126,"FP-2,IS-1,UL-1"
iterative__dvc-5839,No Misalignment
iterative__dvc-9391,DP-1
iterative__dvc-9212,IS-1
iterative__dvc-4719,IS-2
iterative__dvc-1808,No Misalignment
iterative__dvc-1661,IS-1
iterative__dvc-4066,No Misalignment
iterative__dvc-4778,"IS-2,SC-2"
iterative__dvc-1681,No Misalignment
iterative__dvc-4961,No Misalignment
iterative__dvc-5004,No Misalignment
iterative__dvc-3527,SC-3
iterative__dvc-3315,No Misalignment
iterative__dvc-6954,No Misalignment
iterative__dvc-2231,No Misalignment
iterative__dvc-4124,No Misalignment
iterative__dvc-4125,SC-1
iterative__dvc-2254,No Misalignment
iterative__dvc-5336,"SC-3,IS-2"
iterative__dvc-3794,No Misalignment
iterative__dvc-9395,IS-1
iterative__dvc-2017,No Misalignment
iterative__dvc-3620,No Misalignment
iterative__dvc-2141,No Misalignment
iterative__dvc-3665,No Misalignment
iterative__dvc-5188,"FP-2, IS-2, SC-1"
dask__dask-6626,No Misalignment
dask__dask-6818,No Misalignment
dask__dask-8597,No Misalignment
dask__dask-7894,No Misalignment
dask__dask-8801,"UL-1,IS-2"
dask__dask-8792,No Misalignment
dask__dask-10972,No Misalignment
dask__dask-9212,No Misalignment
dask__dask-7656,No Misalignment
dask__dask-7138,No Misalignment
dask__dask-7305,DP-1
dask__dask-8820,SC-2
dask__dask-6801,No Misalignment
dask__dask-9378,No Misalignment
pydantic__pydantic-8500,No Misalignment
pydantic__pydantic-6104,No Misalignment
pydantic__pydantic-9066,DP-1
pydantic__pydantic-6283,No Misalignment
pydantic__pydantic-5662,No Misalignment
pydantic__pydantic-8316,DP-1
pydantic__pydantic-8583,"DP-1, IS-2"
pydantic__pydantic-8567,DP-1
pydantic__pydantic-9134,No Misalignment
pydantic__pydantic-8525,No Misalignment
pydantic__pydantic-8793,SC-1
pydantic__pydantic-6126,No Misalignment
pydantic__pydantic-5706,No Misalignment
pydantic__pydantic-9214,No Misalignment
pydantic__pydantic-5386,No Misalignment
pydantic__pydantic-8977,No Misalignment
pydantic__pydantic-8004,No Misalignment
pydantic__pydantic-6043,No Misalignment
pydantic__pydantic-8511,No Misalignment
pydantic__pydantic-9193,No Misalignment
pandas-dev__pandas-56849,No Misalignment
pandas-dev__pandas-53958,No Misalignment
pandas-dev__pandas-48106,No Misalignment
pandas-dev__pandas-50319,No Misalignment
pandas-dev__pandas-51605,No Misalignment
facebookresearch__hydra-2189,No Misalignment
facebookresearch__hydra-1783,No Misalignment
facebookresearch__hydra-1915,No Misalignment
facebookresearch__hydra-893,No Misalignment
facebookresearch__hydra-1791,SC-1
facebookresearch__hydra-2290,UL-1
facebookresearch__hydra-1741,UL-1
facebookresearch__hydra-1006,No Misalignment
facebookresearch__hydra-1551,No Misalignment
facebookresearch__hydra-1824,No Misalignment
facebookresearch__hydra-1661,IS-1
bokeh__bokeh-13289,No Misalignment
Project-MONAI__MONAI-4688,No Misalignment
Project-MONAI__MONAI-3715,No Misalignment
Project-MONAI__MONAI-2061,No Misalignment
Project-MONAI__MONAI-3326,"FP-2, SC-2"
Project-MONAI__MONAI-2454,No Misalignment
Project-MONAI__MONAI-5686,No Misalignment
Project-MONAI__MONAI-4676,No Misalignment
Project-MONAI__MONAI-5932,No Misalignment
Project-MONAI__MONAI-6775,No Misalignment
Project-MONAI__MONAI-6975,No Misalignment
Project-MONAI__MONAI-3205,No Misalignment
Project-MONAI__MONAI-6756,No Misalignment
Project-MONAI__MONAI-5908,No Misalignment
Project-MONAI__MONAI-4925,No Misalignment
Project-MONAI__MONAI-4109,No Misalignment
Project-MONAI__MONAI-1121,No Misalignment
Project-MONAI__MONAI-3547,No Misalignment
Project-MONAI__MONAI-907,No Misalignment
Project-MONAI__MONAI-4775,No Misalignment
Project-MONAI__MONAI-3566,SC-3
Project-MONAI__MONAI-763,No Misalignment
Project-MONAI__MONAI-3690,"IS-1, SC-2"
Project-MONAI__MONAI-4159,Others
Project-MONAI__MONAI-3403,No Misalignment
Project-MONAI__MONAI-2446,No Misalignment
Project-MONAI__MONAI-6523,No Misalignment
Project-MONAI__MONAI-4583,No Misalignment
modin-project__modin-5940,No Misalignment
modin-project__modin-6780,No Misalignment
modin-project__modin-6937,No Misalignment
modin-project__modin-6400,No Misalignment
modin-project__modin-6298,No Misalignment
Project-MONAI__MONAI-1010,No Misalignment
Project-MONAI__MONAI-1011,No Misalignment
Project-MONAI__MONAI-1012,No Misalignment
Project-MONAI__MONAI-1030,SC-2
Project-MONAI__MONAI-1037,DP-2
Project-MONAI__MONAI-1065,SC-2
Project-MONAI__MONAI-1070,No Misalignment
Project-MONAI__MONAI-1079,"SC-1,IS-2"
Project-MONAI__MONAI-1086,No Misalignment
Project-MONAI__MONAI-1093,No Misalignment
Project-MONAI__MONAI-1095,No Misalignment
Project-MONAI__MONAI-1107,No Misalignment
Project-MONAI__MONAI-1116,No Misalignment
Project-MONAI__MONAI-1532,No Misalignment
Project-MONAI__MONAI-1535,No Misalignment
Project-MONAI__MONAI-1571,No Misalignment
Project-MONAI__MONAI-1596,IS-1
Project-MONAI__MONAI-1608,No Misalignment
Project-MONAI__MONAI-1645,SC-3
Project-MONAI__MONAI-1684,No Misalignment
Project-MONAI__MONAI-1690,No Misalignment
Project-MONAI__MONAI-1746,SC-1
Project-MONAI__MONAI-1765,SC-2
Project-MONAI__MONAI-1777,No Misalignment
Project-MONAI__MONAI-1805,DP-2
Project-MONAI__MONAI-1829,UL-1
Project-MONAI__MONAI-1832,SC-2
Project-MONAI__MONAI-1836,SC-2
Project-MONAI__MONAI-1884,No Misalignment
Project-MONAI__MONAI-1885,No Misalignment
Project-MONAI__MONAI-1887,"DP-2, UL-1"
Project-MONAI__MONAI-1890,No Misalignment
Project-MONAI__MONAI-1906,No Misalignment
Project-MONAI__MONAI-1922,"DP-2,UL-1"
Project-MONAI__MONAI-1933,FP-1
Project-MONAI__MONAI-1946,No Misalignment
Project-MONAI__MONAI-1948,No Misalignment
Project-MONAI__MONAI-1961,No Misalignment
Project-MONAI__MONAI-2010,No Misalignment
Project-MONAI__MONAI-2096,No Misalignment
Project-MONAI__MONAI-2104,SC-2
Project-MONAI__MONAI-2112,No Misalignment
Project-MONAI__MONAI-2156,SC-1
Project-MONAI__MONAI-2166,No Misalignment
Project-MONAI__MONAI-2170,SC-2
Project-MONAI__MONAI-2178,No Misalignment
Project-MONAI__MONAI-2214,No Misalignment
Project-MONAI__MONAI-2228,No Misalignment
Project-MONAI__MONAI-2238,No Misalignment
Project-MONAI__MONAI-2288,SC-2
Project-MONAI__MONAI-2305,"SC-2,IS-2"
Project-MONAI__MONAI-2321,No Misalignment
Project-MONAI__MONAI-2325,"FP-2,IS-1"
Project-MONAI__MONAI-2326,FP-2
Project-MONAI__MONAI-2344,No Misalignment
Project-MONAI__MONAI-2356,No Misalignment
Project-MONAI__MONAI-2379,DP-2
Project-MONAI__MONAI-2393,FP-1
Project-MONAI__MONAI-2395,IS-1
Project-MONAI__MONAI-2421,SC-2
Project-MONAI__MONAI-2436,No Misalignment
Project-MONAI__MONAI-2465,No Misalignment
Project-MONAI__MONAI-2482,No Misalignment
Project-MONAI__MONAI-2487,No Misalignment
Project-MONAI__MONAI-2492,SC-2
Project-MONAI__MONAI-2508,No Misalignment
Project-MONAI__MONAI-2513,No Misalignment
Project-MONAI__MONAI-2530,No Misalignment
Project-MONAI__MONAI-2553,No Misalignment
Project-MONAI__MONAI-2576,No Misalignment
Project-MONAI__MONAI-2621,No Misalignment
Project-MONAI__MONAI-2645,No Misalignment
Project-MONAI__MONAI-2696,No Misalignment
Project-MONAI__MONAI-2751,"SC-1,IS-1"
Project-MONAI__MONAI-2753,UL-1
Project-MONAI__MONAI-2780,No Misalignment
Project-MONAI__MONAI-2784,IS-2
Project-MONAI__MONAI-2808,No Misalignment
Project-MONAI__MONAI-2837,"DP-2,SC-2"
Project-MONAI__MONAI-2848,FP-1
Project-MONAI__MONAI-2921,SC-2
Project-MONAI__MONAI-2937,No Misalignment
Project-MONAI__MONAI-2942,FP-1
Project-MONAI__MONAI-2952,No Misalignment
Project-MONAI__MONAI-2955,FP-2
Project-MONAI__MONAI-3001,No Misalignment
Project-MONAI__MONAI-3038,DP-1
Project-MONAI__MONAI-3041,SC-2
Project-MONAI__MONAI-3042,IS-1
Project-MONAI__MONAI-3061,No Misalignment
Project-MONAI__MONAI-3062,No Misalignment
Project-MONAI__MONAI-3094,SC-2
Project-MONAI__MONAI-3107,No Misalignment
Project-MONAI__MONAI-3113,"FP-1,DP-1"
Project-MONAI__MONAI-3125,UL-1
Project-MONAI__MONAI-3130,SC-1
Project-MONAI__MONAI-3135,SC-3
Project-MONAI__MONAI-3143,DP-1
Project-MONAI__MONAI-3157,"FP-2,SC-2"
Project-MONAI__MONAI-3186,FP-1
Project-MONAI__MONAI-3198,SC-2
Project-MONAI__MONAI-3208,No Misalignment
Project-MONAI__MONAI-3235,"DP-2,SC-2"
Project-MONAI__MONAI-3250,SC-2
Project-MONAI__MONAI-3255,SC-2
Project-MONAI__MONAI-3277,SC-1
Project-MONAI__MONAI-3289,FP-2
Project-MONAI__MONAI-3305,DP-1
Project-MONAI__MONAI-3325,"FP-2,SC-2"
Project-MONAI__MONAI-3338,SC-2
Project-MONAI__MONAI-3340,No Misalignment
Project-MONAI__MONAI-3358,SC-2
Project-MONAI__MONAI-3373,No Misalignment
Project-MONAI__MONAI-3378,No Misalignment
Project-MONAI__MONAI-3384,DP-1
Project-MONAI__MONAI-3385,"SC-2,FP-2"
Project-MONAI__MONAI-3393,"SC-2,FP-2"
Project-MONAI__MONAI-3412,DP-1
Project-MONAI__MONAI-3419,SC-4
Project-MONAI__MONAI-3436,No Misalignment
Project-MONAI__MONAI-3440,SC-2
Project-MONAI__MONAI-3464,IS-2
Project-MONAI__MONAI-3469,SC-1
Project-MONAI__MONAI-3478,No Misalignment
Project-MONAI__MONAI-3493,"SC-2,UL-1,IS-1"
Project-MONAI__MONAI-3524,No Misalignment
Project-MONAI__MONAI-3530,No Misalignment
Project-MONAI__MONAI-3532,No Misalignment
Project-MONAI__MONAI-3560,No Misalignment
Project-MONAI__MONAI-3619,No Misalignment
Project-MONAI__MONAI-3636,No Misalignment
Project-MONAI__MONAI-3662,"UL-1,SC-2"
Project-MONAI__MONAI-3675,No Misalignment
Project-MONAI__MONAI-3678,SC-3
Project-MONAI__MONAI-3711,No Misalignment
Project-MONAI__MONAI-3735,SC-1
Project-MONAI__MONAI-3782,SC-1
Project-MONAI__MONAI-3785,"FP-1,SC-2"
Project-MONAI__MONAI-3794,No Misalignment
Project-MONAI__MONAI-3796,No Misalignment
Project-MONAI__MONAI-3824,No Misalignment
Project-MONAI__MONAI-3837,No Misalignment
Project-MONAI__MONAI-3882,No Misalignment
Project-MONAI__MONAI-3913,No Misalignment
Project-MONAI__MONAI-3923,No Misalignment
Project-MONAI__MONAI-3945,SC-1
Project-MONAI__MONAI-3946,No Misalignment
Project-MONAI__MONAI-3952,UL-1
Project-MONAI__MONAI-3979,SC-3
Project-MONAI__MONAI-4036,SC-2
Project-MONAI__MONAI-4044,"SC-3,UL-1"
Project-MONAI__MONAI-4163,No Misalignment
Project-MONAI__MONAI-4168,No Misalignment
Project-MONAI__MONAI-4174,SC-1
Project-MONAI__MONAI-4186,No Misalignment
Project-MONAI__MONAI-4218,SC-2
Project-MONAI__MONAI-4249,IS-2
Project-MONAI__MONAI-4251,No Misalignment
Project-MONAI__MONAI-4263,No Misalignment
Project-MONAI__MONAI-4272,No Misalignment
Project-MONAI__MONAI-4282,No Misalignment
Project-MONAI__MONAI-4297,IS-2
Project-MONAI__MONAI-4344,No Misalignment
Project-MONAI__MONAI-4363,No Misalignment
Project-MONAI__MONAI-440,No Misalignment
Project-MONAI__MONAI-4402,No Misalignment
Project-MONAI__MONAI-4446,No Misalignment
Project-MONAI__MONAI-4479,SC-1
Project-MONAI__MONAI-4511,No Misalignment
Project-MONAI__MONAI-4567,No Misalignment
Project-MONAI__MONAI-458,No Misalignment
Project-MONAI__MONAI-459,No Misalignment
Project-MONAI__MONAI-4590,No Misalignment
Project-MONAI__MONAI-4601,No Misalignment
Project-MONAI__MONAI-4633,No Misalignment
Project-MONAI__MONAI-4638,SC-1
Project-MONAI__MONAI-4642,No Misalignment
Project-MONAI__MONAI-4662,No Misalignment
Project-MONAI__MONAI-4686,No Misalignment
Project-MONAI__MONAI-4689,SC-1
Project-MONAI__MONAI-4695,SC-1
Project-MONAI__MONAI-4709,No Misalignment
Project-MONAI__MONAI-4716,No Misalignment
Project-MONAI__MONAI-4721,SC-2
Project-MONAI__MONAI-4725,No Misalignment
Project-MONAI__MONAI-4729,FP-2
Project-MONAI__MONAI-4733,No Misalignment
Project-MONAI__MONAI-4736,No Misalignment
Project-MONAI__MONAI-4738,"UL-1,IS-1"
Project-MONAI__MONAI-4745,No Misalignment
Project-MONAI__MONAI-4749,DP-2
Project-MONAI__MONAI-4796,No Misalignment
Project-MONAI__MONAI-4800,SC-1
Project-MONAI__MONAI-4819,"FP-1, IS-2"
Project-MONAI__MONAI-4843,No Misalignment
Project-MONAI__MONAI-4847,No Misalignment
Project-MONAI__MONAI-4876,SC-1
Project-MONAI__MONAI-4877,No Misalignment
Project-MONAI__MONAI-489,No Misalignment
Project-MONAI__MONAI-4908,No Misalignment
Project-MONAI__MONAI-4943,No Misalignment
Project-MONAI__MONAI-4972,FP-2
Project-MONAI__MONAI-4977,SC-1
Project-MONAI__MONAI-4991,No Misalignment
Project-MONAI__MONAI-5003,No Misalignment
Project-MONAI__MONAI-506,SC-2
Project-MONAI__MONAI-5067,IS-2
Project-MONAI__MONAI-5075,IS-2
Project-MONAI__MONAI-5077,SC-1
Project-MONAI__MONAI-5089,SC-1
Project-MONAI__MONAI-5093,IS-2
Project-MONAI__MONAI-5107,SC-2
Project-MONAI__MONAI-511,"SC-1,FP-2,IS-2"
Project-MONAI__MONAI-5117,No Misalignment
Project-MONAI__MONAI-5119,No Misalignment
Project-MONAI__MONAI-5129,SC-2
Project-MONAI__MONAI-5182,No Misalignment
Project-MONAI__MONAI-5183,No Misalignment
Project-MONAI__MONAI-5189,SC-2
Project-MONAI__MONAI-5208,No Misalignment
Project-MONAI__MONAI-5212,No Misalignment
Project-MONAI__MONAI-5217,No Misalignment
Project-MONAI__MONAI-5223,No Misalignment
Project-MONAI__MONAI-5236,No Misalignment
Project-MONAI__MONAI-524,FP-1
Project-MONAI__MONAI-5248,No Misalignment
Project-MONAI__MONAI-5252,SC-2
Project-MONAI__MONAI-5254,No Misalignment
Project-MONAI__MONAI-5306,No Misalignment
Project-MONAI__MONAI-5388,"SC-2,DP-2"
Project-MONAI__MONAI-5397,No Misalignment
Project-MONAI__MONAI-5405,SC-2
Project-MONAI__MONAI-5415,No Misalignment
Project-MONAI__MONAI-5416,No Misalignment
Project-MONAI__MONAI-5423,No Misalignment
Project-MONAI__MONAI-5428,No Misalignment
Project-MONAI__MONAI-543,No Misalignment
Project-MONAI__MONAI-5433,No Misalignment
Project-MONAI__MONAI-5468,DP-1
Project-MONAI__MONAI-5473,"SC-2,IS-2"
Project-MONAI__MONAI-5486,SC-1
Project-MONAI__MONAI-5503,SC-3
Project-MONAI__MONAI-5506,SC-2
Project-MONAI__MONAI-5507,UL-1
Project-MONAI__MONAI-5518,SC-2
Project-MONAI__MONAI-5526,Others
Project-MONAI__MONAI-5543,SC-2
Project-MONAI__MONAI-5550,"IS-2, DP-1"
Project-MONAI__MONAI-5560,No Misalignment
Project-MONAI__MONAI-5640,No Misalignment
Project-MONAI__MONAI-5656,No Misalignment
Project-MONAI__MONAI-5680,No Misalignment
Project-MONAI__MONAI-5710,SC-1
Project-MONAI__MONAI-5771,No Misalignment
Project-MONAI__MONAI-578,No Misalignment
Project-MONAI__MONAI-5807,No Misalignment
Project-MONAI__MONAI-5845,SC-3
Project-MONAI__MONAI-5854,No Misalignment
Project-MONAI__MONAI-5856,No Misalignment
Project-MONAI__MONAI-5877,Others
Project-MONAI__MONAI-5880,IS-2
Project-MONAI__MONAI-5916,SC-2
Project-MONAI__MONAI-5924,"SC-3,DP-2"
Project-MONAI__MONAI-5950,No Misalignment
Project-MONAI__MONAI-5965,No Misalignment
Project-MONAI__MONAI-5980,UL-1
Project-MONAI__MONAI-5982,No Misalignment
Project-MONAI__MONAI-600,SC-2
Project-MONAI__MONAI-6008,No Misalignment
Project-MONAI__MONAI-6034,No Misalignment
Project-MONAI__MONAI-6055,SC-3
Project-MONAI__MONAI-6058,SC-2
Project-MONAI__MONAI-6080,FP-2
Project-MONAI__MONAI-6090,SC-1
Project-MONAI__MONAI-6127,No Misalignment
Project-MONAI__MONAI-6139,No Misalignment
Project-MONAI__MONAI-6144,No Misalignment
Project-MONAI__MONAI-6147,"SC-1,IS-2"
Project-MONAI__MONAI-6158,SC-1
Project-MONAI__MONAI-6244,No Misalignment
Project-MONAI__MONAI-6246,SC-1
Project-MONAI__MONAI-6271,"DP-1,SC-2"
Project-MONAI__MONAI-6308,FP-2
Project-MONAI__MONAI-6344,SC-2
Project-MONAI__MONAI-6385,No Misalignment
Project-MONAI__MONAI-6400,No Misalignment
Project-MONAI__MONAI-6405,No Misalignment
Project-MONAI__MONAI-6412,No Misalignment
Project-MONAI__MONAI-6413,No Misalignment
Project-MONAI__MONAI-6429,UL
Project-MONAI__MONAI-6446,"SC-1,IS-2"
Project-MONAI__MONAI-645,"SC-1,DP-1"
Project-MONAI__MONAI-6459,No Misalignment
Project-MONAI__MONAI-646,No Misalignment
Project-MONAI__MONAI-648,No Misalignment
Project-MONAI__MONAI-6514,No Misalignment
Project-MONAI__MONAI-6544,No Misalignment
Project-MONAI__MONAI-6560,No Misalignment
Project-MONAI__MONAI-6662,No Misalignment
Project-MONAI__MONAI-6681,FP-1
Project-MONAI__MONAI-6686,DP-1
Project-MONAI__MONAI-6719,No Misalignment
Project-MONAI__MONAI-673,SC-3
Project-MONAI__MONAI-6735,No Misalignment
Project-MONAI__MONAI-6736,"FP-1,IS-1"
Project-MONAI__MONAI-6774,No Misalignment
Project-MONAI__MONAI-6781,No Misalignment
Project-MONAI__MONAI-6793,No Misalignment
Project-MONAI__MONAI-6795,No Misalignment
Project-MONAI__MONAI-682,UL-1
Project-MONAI__MONAI-6849,No Misalignment
Project-MONAI__MONAI-6874,No Misalignment
Project-MONAI__MONAI-6895,No Misalignment
Project-MONAI__MONAI-6910,No Misalignment
Project-MONAI__MONAI-6912,No Misalignment
Project-MONAI__MONAI-6924,No Misalignment
Project-MONAI__MONAI-6935,No Misalignment
Project-MONAI__MONAI-6943,No Misalignment
Project-MONAI__MONAI-6955,IS-2
Project-MONAI__MONAI-6965,DP-1
Project-MONAI__MONAI-6969,FP-1
Project-MONAI__MONAI-6977,No Misalignment
Project-MONAI__MONAI-6986,No Misalignment
Project-MONAI__MONAI-6997,IS-1
Project-MONAI__MONAI-7000,No Misalignment
Project-MONAI__MONAI-7025,"FP-2,IS-1"
Project-MONAI__MONAI-7098,No Misalignment
Project-MONAI__MONAI-7104,No Misalignment
Project-MONAI__MONAI-7108,No Misalignment
Project-MONAI__MONAI-7121,SC-2
Project-MONAI__MONAI-7137,No Misalignment
Project-MONAI__MONAI-7163,"SC-1,UL-1"
Project-MONAI__MONAI-7180,SC-3
Project-MONAI__MONAI-7318,No Misalignment
Project-MONAI__MONAI-7395,No Misalignment
Project-MONAI__MONAI-7542,SC
Project-MONAI__MONAI-7548,No Misalignment
Project-MONAI__MONAI-7549,"SC-2,UL-1"
Project-MONAI__MONAI-7604,No Misalignment
Project-MONAI__MONAI-7734,No Misalignment
Project-MONAI__MONAI-7749,No Misalignment
Project-MONAI__MONAI-7754,SC-2
Project-MONAI__MONAI-803,SC-2
Project-MONAI__MONAI-855,No Misalignment
Project-MONAI__MONAI-865,No Misalignment
Project-MONAI__MONAI-890,No Misalignment
Project-MONAI__MONAI-941,SC-2
getmoto__moto-4951,No Misalignment
getmoto__moto-6332,UL
getmoto__moto-5213,No Misalignment
getmoto__moto-5654,UL
getmoto__moto-6919,IS-2
getmoto__moto-6863,UL
getmoto__moto-6439,SC-2
getmoto__moto-5486,IS-1
getmoto__moto-5155,No Misalignment
getmoto__moto-5058,No Misalignment
getmoto__moto-6444,"SC-3,UL-1,DP-1"
getmoto__moto-6637,No Misalignment
getmoto__moto-7418,SC-1
getmoto__moto-4969,IS-1
getmoto__moto-5841,No Misalignment
getmoto__moto-5516,No Misalignment
getmoto__moto-5482,No Misalignment
getmoto__moto-6810,No Misalignment
getmoto__moto-6867,SC-2
getmoto__moto-4860,No Misalignment
getmoto__moto-4817,"UL,SC-1"
getmoto__moto-7566,UL
getmoto__moto-6633,No Misalignment
getmoto__moto-5718,No Misalignment
getmoto__moto-6743,No Misalignment
getmoto__moto-6734,SC-3
getmoto__moto-5258,No Misalignment
getmoto__moto-6828,No Misalignment
getmoto__moto-7317,No Misalignment
getmoto__moto-7283,No Misalignment
getmoto__moto-5873,"DP-1,UL-1"
getmoto__moto-4792,No Misalignment
getmoto__moto-6795,No Misalignment
getmoto__moto-7119,IS-2
getmoto__moto-5475,No Misalignment
getmoto__moto-7336,SC-4
getmoto__moto-6727,"IS-1,UL-1"
getmoto__moto-7035,No Misalignment
getmoto__moto-5107,No Misalignment
getmoto__moto-7373,No Misalignment
getmoto__moto-6618,No Misalignment
getmoto__moto-6352,No Misalignment
getmoto__moto-6255,"UL-1,SC-2"
getmoto__moto-6222,No Misalignment
getmoto__moto-5634,No Misalignment
getmoto__moto-7177,No Misalignment
getmoto__moto-6786,No Misalignment
getmoto__moto-5734,DP-1
getmoto__moto-5373,No Misalignment
getmoto__moto-7537,No Misalignment
getmoto__moto-4846,UL
getmoto__moto-5644,No Misalignment
getmoto__moto-5177,No Misalignment
getmoto__moto-7390,No Misalignment
getmoto__moto-7303,IS-2
getmoto__moto-6056,No Misalignment
getmoto__moto-4809,No Misalignment
getmoto__moto-4890,SC-1
getmoto__moto-6720,"SC-2,IS-2"
getmoto__moto-5706,IS-1
getmoto__moto-7148,No Misalignment
getmoto__moto-5601,No Misalignment
getmoto__moto-4874,"UL,SC-2"
getmoto__moto-5575,UL-1
getmoto__moto-6804,UL
getmoto__moto-6019,UL-1
getmoto__moto-6187,IS-1
getmoto__moto-7524,No Misalignment
getmoto__moto-5384,No Misalignment
getmoto__moto-5119,No Misalignment
getmoto__moto-6578,No Misalignment
getmoto__moto-5809,No Misalignment
getmoto__moto-5997,"SC-3, UL-1"
getmoto__moto-5164,No Misalignment
getmoto__moto-6204,UL-1
getmoto__moto-4867,No Misalignment
getmoto__moto-5255,No Misalignment
getmoto__moto-6303,"SC-2,DP-2"
getmoto__moto-6374,No Misalignment
getmoto__moto-5582,"SC-3, UL-1"
getmoto__moto-6884,No Misalignment
getmoto__moto-6107,No Misalignment
getmoto__moto-5566,No Misalignment
getmoto__moto-5511,UL-1
getmoto__moto-7328,UL
python__mypy-9903,SC-2
python__mypy-15045,No Misalignment
python__mypy-17028,FP-2
python__mypy-9380,DP-1
python__mypy-16154,IS-2
python__mypy-11713,IS-2
python__mypy-14835,"DP-1, SC-3"
python__mypy-13015,"SC-3,IS-2"
python__mypy-11417,IS-1
python__mypy-16503,DP-1
python__mypy-11267,UL-1
python__mypy-15503,UL-1
python__mypy-11585,"IS-1,UL-1"
python__mypy-14988,No Misalignment
python__mypy-10036,No Misalignment
python__mypy-10683,DP-1
python__mypy-15996,No Misalignment
python__mypy-15882,SC-1
python__mypy-12767,No Misalignment
python__mypy-11317,UL-1
python__mypy-15624,"SC-1,IS-1"
python__mypy-15491,No Misalignment
python__mypy-9454,"UL-1,IS-2"
python__mypy-15347,No Misalignment
python__mypy-15506,No Misalignment
python__mypy-14038,No Misalignment
python__mypy-14163,"IS-1,UL-1"
python__mypy-14739,No Misalignment
python__mypy-15366,SC-2
python__mypy-13602,SC-1
python__mypy-11220,IS-2
python__mypy-14680,SC-1
python__mypy-15846,No Misalignment
python__mypy-11204,No Misalignment
python__mypy-16330,UL-1
python__mypy-12064,"SC-2,DP-1"
python__mypy-11972,No Misalignment
python__mypy-15845,No Misalignment
python__mypy-9893,No Misalignment
python__mypy-11912,No Misalignment
python__mypy-12762,"SC-1,DP-1,IS-1"
python__mypy-17287,No Misalignment
python__mypy-14981,No Misalignment
python__mypy-16084,No Misalignment
python__mypy-11632,No Misalignment
python__mypy-11125,No Misalignment
python__mypy-10937,No Misalignment
python__mypy-11134,IS-1
python__mypy-17293,No Misalignment
python__mypy-17016,SC-1
python__mypy-11151,SC-1
python__mypy-13678,"DP-1,SC-2"
python__mypy-15642,No Misalignment
python__mypy-11126,IS-1
python__mypy-14556,"UL-1, FP-1"
python__mypy-11119,No Misalignment
python__mypy-12254,No Misalignment
python__mypy-11717,No Misalignment
python__mypy-16729,SC-1
python__mypy-10560,SC-1
python__mypy-15541,"IS-2,SC-3"
python__mypy-13648,No Misalignment
python__mypy-11984,"UL-1,IS-1"
python__mypy-11140,UL-1
python__mypy-17256,No Misalignment
python__mypy-16303,No Misalignment
python__mypy-14926,No Misalignment
python__mypy-9796,UL-1
python__mypy-11290,No Misalignment
python__mypy-15306,No Misalignment
python__mypy-11314,IS-2
python__mypy-15006,UL-1
python__mypy-10689,IS-1
python__mypy-14007,No Misalignment
python__mypy-9663,No Misalignment
python__mypy-16717,"SC-1,IS-2"
python__mypy-16013,"UL-1,SC-1"
python__mypy-16519,FP-2
python__mypy-10508,No Misalignment
python__mypy-15155,No Misalignment
python__mypy-11150,IS-2
python__mypy-11962,DP-1
python__mypy-14486,"SC-1,DP-2"
python__mypy-15449,UL-1
python__mypy-9573,"SC-1,DP-1"
python__mypy-9097,DP-1
python__mypy-11215,No Misalignment
python__mypy-10415,No Misalignment
python__mypy-10852,"FP-1,DP-1"
python__mypy-12023,"SC-1,DP-1"
python__mypy-15926,No Misalignment
python__mypy-12199,"FP-2, IS-1, UL-1"
python__mypy-16203,No Misalignment
python__mypy-14178,DP-1
python__mypy-11725,No Misalignment
python__mypy-10712,"DP-1, UL-1,SC-2"
python__mypy-11247,DP-1
python__mypy-16215,SC-1
python__mypy-10361,IS-2
python__mypy-15629,No Misalignment
python__mypy-11207,No Misalignment
python__mypy-12267,No Misalignment
python__mypy-15133,"DP-1,FP-2"
python__mypy-11213,FP-1
python__mypy-12951,No Misalignment
python__mypy-13526,"SC-1, UL-1"
python__mypy-16906,UL-1
python__mypy-11533,No Misalignment
python__mypy-11822,No Misalignment
python__mypy-15440,"SC-1,IS-1"
python__mypy-12943,No Misalignment
python__mypy-10432,FP-2
python__mypy-15164,"UL-1,SC-3"
python__mypy-15159,No Misalignment
python__mypy-11810,No Misalignment
python__mypy-10032,No Misalignment
dask__dask-10009,No Misalignment
dask__dask-10027,No Misalignment
dask__dask-10042,IS-2
dask__dask-10054,SC-2
dask__dask-10064,No Misalignment
dask__dask-10128,No Misalignment
dask__dask-10149,SC-2
dask__dask-10159,UL-1
dask__dask-10211,"SC-4,IS-1"
dask__dask-10212,No Misalignment
dask__dask-10294,IS-2
dask__dask-10342,No Misalignment
dask__dask-10380,UL-1
dask__dask-10395,No Misalignment
dask__dask-10404,UL-1
dask__dask-10422,No Misalignment
dask__dask-10441,No Misalignment
dask__dask-10454,"SC-2,UL-1"
dask__dask-10506,No Misalignment
dask__dask-10509,"FP-2,SC-2"
dask__dask-10521,FP-2
dask__dask-10556,No Misalignment
dask__dask-10616,"SC-2,UL-1"
dask__dask-10695,No Misalignment
dask__dask-10723,UL-1
dask__dask-10734,No Misalignment
dask__dask-10750,No Misalignment
dask__dask-10754,UL-1
dask__dask-10765,UL-1
dask__dask-10784,No Misalignment
dask__dask-10785,UL-1
dask__dask-10796,No Misalignment
dask__dask-10797,No Misalignment
dask__dask-10800,UL-1
dask__dask-10803,No Misalignment
dask__dask-10827,No Misalignment
dask__dask-10846,"SC-3,Others"
dask__dask-10921,"UL-1,FP-1"
dask__dask-11023,No Misalignment
dask__dask-6608,No Misalignment
dask__dask-6632,SC-1
dask__dask-6660,DP-1
dask__dask-6682,No Misalignment
dask__dask-6683,UL-1
dask__dask-6742,No Misalignment
dask__dask-6749,No Misalignment
dask__dask-6776,"UL-1,Others"
dask__dask-6779,No Misalignment
dask__dask-6809,No Misalignment
dask__dask-6815,FP-1
dask__dask-6854,No Misalignment
dask__dask-6862,No Misalignment
dask__dask-6871,No Misalignment
dask__dask-6887,No Misalignment
dask__dask-6893,No Misalignment
dask__dask-6911,DP-1
dask__dask-6939,FP-2
dask__dask-6960,DP-1
dask__dask-6978,No Misalignment
dask__dask-6980,No Misalignment
dask__dask-6992,SC-2
dask__dask-7033,DP-2
dask__dask-7048,SC-1
dask__dask-7056,No Misalignment
dask__dask-7073,No Misalignment
dask__dask-7092,No Misalignment
dask__dask-7125,No Misalignment
dask__dask-7145,No Misalignment
dask__dask-7191,No Misalignment
dask__dask-7230,No Misalignment
dask__dask-7418,SC-4
dask__dask-7636,No Misalignment
dask__dask-7637,IS-1
dask__dask-7688,No Misalignment
dask__dask-7973,SC-2
dask__dask-8040,No Misalignment
dask__dask-8106,SC-2
dask__dask-8166,No Misalignment
dask__dask-8185,IS-1
dask__dask-8253,SC-1
dask__dask-8261,UL-1
dask__dask-8283,"SC-2,IS-1"
dask__dask-8316,"DP-1,SC-4"
dask__dask-8375,UL-1
dask__dask-8462,No Misalignment
dask__dask-8484,No Misalignment
dask__dask-8501,No Misalignment
dask__dask-8525,"DP-2,SC-2"
dask__dask-8538,No Misalignment
dask__dask-8590,No Misalignment
dask__dask-8601,No Misalignment
dask__dask-8610,No Misalignment
dask__dask-8676,SC-3
dask__dask-8685,No Misalignment
dask__dask-8686,No Misalignment
dask__dask-8687,No Misalignment
dask__dask-8689,"IS-1,UL-1"
dask__dask-8703,No Misalignment
dask__dask-8785,No Misalignment
dask__dask-8805,No Misalignment
dask__dask-8860,No Misalignment
dask__dask-8865,"SC-2,IS-2,UL-1"
dask__dask-8895,No Misalignment
dask__dask-8903,No Misalignment
dask__dask-8920,No Misalignment
dask__dask-8925,No Misalignment
dask__dask-8930,No Misalignment
dask__dask-8945,UL-1
dask__dask-8954,No Misalignment
dask__dask-9027,No Misalignment
dask__dask-9087,No Misalignment
dask__dask-9148,UL-1
dask__dask-9213,No Misalignment
dask__dask-9235,No Misalignment
dask__dask-9240,No Misalignment
dask__dask-9250,IS-2
dask__dask-9272,"SC-2,DP-1"
dask__dask-9285,UL-1
dask__dask-9342,IS-2
dask__dask-9345,"UL-1,IS-2"
dask__dask-9349,"FP-2,UL-1"
dask__dask-9350,"UL-1,FP-1"
dask__dask-9528,No Misalignment
dask__dask-9531,No Misalignment
dask__dask-9555,IS-2
dask__dask-9627,No Misalignment
dask__dask-9653,No Misalignment
dask__dask-9739,No Misalignment
dask__dask-9760,No Misalignment
dask__dask-9885,UL-1
dask__dask-9981,No Misalignment
iterative__dvc-10277,IS-2
iterative__dvc-10386,SC-2
iterative__dvc-1638,No Misalignment
iterative__dvc-1650,No Misalignment
iterative__dvc-1713,UL-1
iterative__dvc-1733,SC-2
iterative__dvc-1782,No Misalignment
iterative__dvc-1785,No Misalignment
iterative__dvc-1817,No Misalignment
iterative__dvc-1841,No Misalignment
iterative__dvc-1848,UL-1
iterative__dvc-1857,No Misalignment
iterative__dvc-1882,No Misalignment
iterative__dvc-1907,No Misalignment
iterative__dvc-1926,No Misalignment
iterative__dvc-1944,No Misalignment
iterative__dvc-1950,No Misalignment
iterative__dvc-2068,No Misalignment
iterative__dvc-2130,No Misalignment
iterative__dvc-2142,No Misalignment
iterative__dvc-2190,No Misalignment
iterative__dvc-2266,No Misalignment
iterative__dvc-3490,IS-1
iterative__dvc-3628,No Misalignment
iterative__dvc-3725,No Misalignment
iterative__dvc-3726,No Misalignment
iterative__dvc-3727,SC-3
iterative__dvc-3760,No Misalignment
iterative__dvc-3797,No Misalignment
iterative__dvc-3836,No Misalignment
iterative__dvc-3891,No Misalignment
iterative__dvc-3914,No Misalignment
iterative__dvc-4005,No Misalignment
iterative__dvc-4026,No Misalignment
iterative__dvc-4059,No Misalignment
iterative__dvc-4086,"UL-1,SC-2"
iterative__dvc-4137,No Misalignment
iterative__dvc-4190,No Misalignment
iterative__dvc-4246,No Misalignment
iterative__dvc-4309,No Misalignment
iterative__dvc-4379,No Misalignment
iterative__dvc-4622,No Misalignment
iterative__dvc-4977,No Misalignment
iterative__dvc-5078,No Misalignment
iterative__dvc-5080,No Misalignment
iterative__dvc-5185,No Misalignment
iterative__dvc-5732,No Misalignment
iterative__dvc-6394,IS-2
iterative__dvc-6468,"UL-1,IS-2"
iterative__dvc-6587,SC-2
iterative__dvc-6683,No Misalignment
iterative__dvc-6706,"SC-1,SC-2,SC-3"
iterative__dvc-6936,No Misalignment
iterative__dvc-8129,IS-1
iterative__dvc-8177,No Misalignment
iterative__dvc-8251,SC-1
iterative__dvc-8962,IS-1
iterative__dvc-8994,"SC-1,SC-2,SC-3"
iterative__dvc-9408,"SC-2,IS-2"
iterative__dvc-9620,Others
iterative__dvc-9631,SC-2
iterative__dvc-9647,SC-1
pydantic__pydantic-4882,UL-1
pydantic__pydantic-4911,No Misalignment
pydantic__pydantic-4920,No Misalignment
pydantic__pydantic-5021,UL-1
pydantic__pydantic-5138,DP-1
pydantic__pydantic-5177,"FP-1,IS-2,UL-1"
pydantic__pydantic-5196,UL-1
pydantic__pydantic-5272,No Misalignment
pydantic__pydantic-5322,No Misalignment
pydantic__pydantic-5362,IS-1
pydantic__pydantic-5390,No Misalignment
pydantic__pydantic-5398,"IS-2,UL-1"
pydantic__pydantic-5506,SC-2
pydantic__pydantic-5529,IS-1
pydantic__pydantic-5587,FP-2
pydantic__pydantic-5589,No Misalignment
pydantic__pydantic-5591,UL-1
pydantic__pydantic-5624,No Misalignment
pydantic__pydantic-5744,"SC-1,UL-1,IS-2"
pydantic__pydantic-5834,No Misalignment
pydantic__pydantic-5841,UL-1
pydantic__pydantic-5861,SC-3
pydantic__pydantic-5868,No Misalignment
pydantic__pydantic-5874,"FP-2,IS-2"
pydantic__pydantic-5889,"SC-3,IS-1"
pydantic__pydantic-5897,No Misalignment
pydantic__pydantic-6100,No Misalignment
pydantic__pydantic-6111,IS-2
pydantic__pydantic-6115,SC-3
pydantic__pydantic-6212,No Misalignment
pydantic__pydantic-6274,No Misalignment
pydantic__pydantic-6282,"IS-1,UL-1"
pydantic__pydantic-6288,No Misalignment
pydantic__pydantic-6293,UL-1
pydantic__pydantic-7825,FP-1
pydantic__pydantic-8027,No Misalignment
pydantic__pydantic-8066,No Misalignment
pydantic__pydantic-8072,No Misalignment
pydantic__pydantic-8159,No Misalignment
pydantic__pydantic-8190,No Misalignment
pydantic__pydantic-8262,No Misalignment
pydantic__pydantic-8352,No Misalignment
pydantic__pydantic-8437,No Misalignment
pydantic__pydantic-8537,UL-1
pydantic__pydantic-8552,UL-1
pydantic__pydantic-8650,No Misalignment
pydantic__pydantic-8734,No Misalignment
pydantic__pydantic-8751,No Misalignment
pydantic__pydantic-8920,No Misalignment
pydantic__pydantic-8947,UL-1
pydantic__pydantic-8965,No Misalignment
pydantic__pydantic-9001,No Misalignment
pydantic__pydantic-9004,"IS-2,UL-1"
pydantic__pydantic-9023,IS-2
pydantic__pydantic-9053,No Misalignment
pydantic__pydantic-9082,IS-2
pydantic__pydantic-9111,No Misalignment
pydantic__pydantic-9135,"IS-2,FP-2"
pydantic__pydantic-9137,IS-2
pydantic__pydantic-9170,"IS-1,UL-1"
pydantic__pydantic-9287,No Misalignment
pydantic__pydantic-9303,SC-2
pydantic__pydantic-9450,No Misalignment
facebookresearch__hydra-1265,UL-1
facebookresearch__hydra-1276,UL-1
facebookresearch__hydra-1372,SC-2
facebookresearch__hydra-1401,No Misalignment
facebookresearch__hydra-1404,No Misalignment
facebookresearch__hydra-1422,No Misalignment
facebookresearch__hydra-1450,UL-1
facebookresearch__hydra-1456,UL-1
facebookresearch__hydra-1458,No Misalignment
facebookresearch__hydra-1487,SC-2
facebookresearch__hydra-1488, No Misalignment
facebookresearch__hydra-1531,No Misalignment
facebookresearch__hydra-1540,UL-1
facebookresearch__hydra-1542,IS-2
facebookresearch__hydra-1560,No Misalignment
facebookresearch__hydra-1569,No Misalignment
facebookresearch__hydra-1601,No Misalignment
facebookresearch__hydra-1616,UL-1
facebookresearch__hydra-1655,"UL-1,IS-2"
facebookresearch__hydra-1671,No Misalignment
facebookresearch__hydra-1695,UL-1
facebookresearch__hydra-1696,SC-2
facebookresearch__hydra-1725,UL-1
facebookresearch__hydra-1731, No Misalignment 
facebookresearch__hydra-1733,UL-1
facebookresearch__hydra-1735,No Misalignment
facebookresearch__hydra-1750,No Misalignment
facebookresearch__hydra-1842,No Misalignment
facebookresearch__hydra-1905,IS-1
facebookresearch__hydra-1916,No Misalignment
facebookresearch__hydra-1976,No Misalignment
facebookresearch__hydra-2011,No Misalignment
facebookresearch__hydra-2014,UL-1
facebookresearch__hydra-2044,No Misalignment
facebookresearch__hydra-2062,No Misalignment
facebookresearch__hydra-2085,UL-1
facebookresearch__hydra-2110,UL-1
facebookresearch__hydra-2124,No Misalignment
facebookresearch__hydra-2161,No Misalignment
facebookresearch__hydra-2332,SC-2
facebookresearch__hydra-2543,No Misalignment
facebookresearch__hydra-609,No Misalignment
facebookresearch__hydra-614, No Misalignment 
facebookresearch__hydra-616,SC-4
facebookresearch__hydra-625,"SC-4,UL-1"
facebookresearch__hydra-677,UL-1
facebookresearch__hydra-729,UL-1
facebookresearch__hydra-734,No Misalignment
facebookresearch__hydra-772,No Misalignment
facebookresearch__hydra-801,SC-2
facebookresearch__hydra-876,UL-1
facebookresearch__hydra-892,IS-1
facebookresearch__hydra-921,"UL-1,SC-2"
facebookresearch__hydra-952,SC-1
facebookresearch__hydra-989,"SC-1,UL-1"
getmoto__moto-4787,UL-1
getmoto__moto-4793,SC-2
getmoto__moto-4808,"SC-2, DP-2, UL-1"
getmoto__moto-4848,SC-1
getmoto__moto-4849,"SC-1, UL-1"
getmoto__moto-4853,UL-1
getmoto__moto-4875,SC-3
getmoto__moto-4881,SC-1
getmoto__moto-4886,UL-1
getmoto__moto-4895,SC-3
getmoto__moto-4896,IS-1
getmoto__moto-4908,IS-1
getmoto__moto-4915,No Misalignment
getmoto__moto-4918,No Misalignment
getmoto__moto-4934,No Misalignment
getmoto__moto-4950, No Misalignment 
getmoto__moto-4956,SC-2
getmoto__moto-4972, No Misalignment 
getmoto__moto-4977,SC-2
getmoto__moto-4985,SC-2
getmoto__moto-4986,No Misalignment
getmoto__moto-5009,No Misalignment
getmoto__moto-5011,UL-1
getmoto__moto-5012,SC-2
getmoto__moto-5043,No Misalignment
getmoto__moto-5044,SC-2
getmoto__moto-5072,No Misalignment
getmoto__moto-5084,"SC-2, IS-1"
getmoto__moto-5085,No Misalignment
getmoto__moto-5086," SC-1, SC-3 "
getmoto__moto-5108, UL-1 
getmoto__moto-5109,No Misalignment
getmoto__moto-5110, No Misalignment 
getmoto__moto-5117, UL-1 
getmoto__moto-5118,SC
getmoto__moto-5124,No Misalignment
getmoto__moto-5136,No Misalignment
getmoto__moto-5137,SC-3
getmoto__moto-5154,No Misalignment
getmoto__moto-5175," SC-2,UL-1"
getmoto__moto-5189,No Misalignment
getmoto__moto-5200, No Misalignment 
getmoto__moto-5202,No Misalignment
getmoto__moto-5212,"UL-1,SC-2"
getmoto__moto-5216," IS-2, UL-1 "
getmoto__moto-5306, SC-2 
getmoto__moto-5338,No Misalignment
getmoto__moto-5340," IS-1,UL-1"
getmoto__moto-5343,No Misalignment
getmoto__moto-5348,No Misalignment
getmoto__moto-5385,UL-1
getmoto__moto-5386,No Misalignment
getmoto__moto-5420,No Misalignment
getmoto__moto-5428, No Misalignment 
getmoto__moto-5433,No Misalignment
getmoto__moto-5438,No Misalignment
getmoto__moto-5439,UL-1
getmoto__moto-5444,UL-1
getmoto__moto-5456," SC-2 ,UL-1"
getmoto__moto-5460," SC-2 ,UL-1"
getmoto__moto-5503,No Misalignment
getmoto__moto-5504," IS-1,DP-1"
getmoto__moto-5509, SC-1
getmoto__moto-5513,DP-1
getmoto__moto-5515, FP-1 
getmoto__moto-5560,No Misalignment
getmoto__moto-5576, SC-2 
getmoto__moto-5587,No Misalignment
getmoto__moto-5589," IS-1,UL-1"
getmoto__moto-5614,No Misalignment
getmoto__moto-5725,DP-1
getmoto__moto-5731," SC-2, UL-1"
getmoto__moto-5745,No Misalignment
getmoto__moto-5767,No Misalignment
getmoto__moto-5812,No Misalignment
getmoto__moto-5837,IS-1
getmoto__moto-5843,No Misalignment
getmoto__moto-5844, UL-1 
getmoto__moto-5847, UL-1 
getmoto__moto-5849, SC-2 
getmoto__moto-5862, IS-1 
getmoto__moto-5870, No Misalignment 
getmoto__moto-5876,UL-1
getmoto__moto-5878,"SC-3,UL-1"
getmoto__moto-5880," SC-2 ,UL-1"
getmoto__moto-5893,SC-2
getmoto__moto-5919,No Misalignment
getmoto__moto-5920,DP-1
getmoto__moto-5940,IS-2
getmoto__moto-5949,No Misalignment
getmoto__moto-5959,No Misalignment
getmoto__moto-5968,No Misalignment
getmoto__moto-5969,No Misalignment
getmoto__moto-5991,No Misalignment
getmoto__moto-5999, SC-2 
getmoto__moto-6006," IS-2 ,SC-2"
getmoto__moto-6011, UL-1 
getmoto__moto-6028," SC-2 ,UL-1"
getmoto__moto-6049, No Misalignment 
getmoto__moto-6057, SC-1 
getmoto__moto-6075, No Misalignment 
getmoto__moto-6082,No Misalignment
getmoto__moto-6085, No Misalignment 
getmoto__moto-6086," SC-2, SC-3 "
getmoto__moto-6091, SC-2 
getmoto__moto-6106,IS-2
getmoto__moto-6127,No Misalignment
getmoto__moto-6144, No Misalignment 
getmoto__moto-6159, No Misalignment 
getmoto__moto-6176,No Misalignment
getmoto__moto-6190,IS-2
getmoto__moto-6208, No Misalignment 
getmoto__moto-6238, No Misalignment 
getmoto__moto-6299, No Misalignment 
getmoto__moto-6306,UL-1
getmoto__moto-6312, SC-2 
getmoto__moto-6350,No Misalignment
getmoto__moto-6376,SC-3
getmoto__moto-6409," SC-2, UL-1"
getmoto__moto-6410,No Misalignment
getmoto__moto-6492,No Misalignment
getmoto__moto-6509,No Misalignment
getmoto__moto-6510,No Misalignment
getmoto__moto-6535,No Misalignment
getmoto__moto-6536,No Misalignment
getmoto__moto-6557, SC-3 
getmoto__moto-6567, No Misalignment 
getmoto__moto-6586,No Misalignment
getmoto__moto-6609, No Misalignment 
getmoto__moto-6636,"UL-1,SC-3"
getmoto__moto-6641,UL-1
getmoto__moto-6687, No Misalignment 
getmoto__moto-6709, IS-1 
getmoto__moto-6716,No Misalignment
getmoto__moto-6724,No Misalignment
getmoto__moto-6726,No Misalignment
getmoto__moto-6736,No Misalignment
getmoto__moto-6741, IS-2
getmoto__moto-6746,DP-1
getmoto__moto-6755, No Misalignment 
getmoto__moto-6756,UL-1
getmoto__moto-6777, IS-2 
getmoto__moto-6784, No Misalignment 
getmoto__moto-6785, No Misalignment 
getmoto__moto-6802,No Misalignment
getmoto__moto-6807, UL-1 
getmoto__moto-6816," IS-1, DP-1 "
getmoto__moto-6854,No Misalignment
getmoto__moto-6857,UL-1 
getmoto__moto-6864, No Misalignment 
getmoto__moto-6868, No Misalignment 
getmoto__moto-6885,No Misalignment
getmoto__moto-6905,No Misalignment
getmoto__moto-6906, SC-2 
getmoto__moto-6920, UL-1 
getmoto__moto-6923, No Misalignment 
getmoto__moto-6924," IS-1, UL-1"
getmoto__moto-6953,"UL-1,SC-3,IS-1"
getmoto__moto-6986," SC-1, UL-1 "
getmoto__moto-6998, UL-1 
getmoto__moto-7012,No Misalignment
getmoto__moto-7023,No Misalignment
getmoto__moto-7029," SC-2, SC-3 "
getmoto__moto-7061,No Misalignment
getmoto__moto-7065,No Misalignment
getmoto__moto-7081, IS-1
getmoto__moto-7082,"SC-3,UL-1"
getmoto__moto-7085,DP-1
getmoto__moto-7102,No Misalignment
getmoto__moto-7144,DP-2
getmoto__moto-7153, No Misalignment 
getmoto__moto-7167,No Misalignment
getmoto__moto-7168, UL-1 
getmoto__moto-7208,DP-1
getmoto__moto-7211,No Misalignment
getmoto__moto-7212,No Misalignment
getmoto__moto-7233,SC-2 
getmoto__moto-7270,"SC-2,UL-1"
getmoto__moto-7324, SC-2 
getmoto__moto-7347, SC-1 
getmoto__moto-7365,No Misalignment
getmoto__moto-7371,No Misalignment
getmoto__moto-7382,No Misalignment
getmoto__moto-7385, No Misalignment 
getmoto__moto-7393, No Misalignment 
getmoto__moto-7434,No Misalignment
getmoto__moto-7439,UL-1
getmoto__moto-7446," IS-2,FP-2"
getmoto__moto-7456," IS-1,UL-1,DP-2"
getmoto__moto-7490,No Misalignment
getmoto__moto-7509,No Misalignment
getmoto__moto-7514, No Misalignment 
getmoto__moto-7567, No Misalignment 
getmoto__moto-7579,No Misalignment
getmoto__moto-7580, No Misalignment 
getmoto__moto-7608," IS-2,FP-1"
getmoto__moto-7635,No Misalignment
getmoto__moto-7646,No Misalignment
getmoto__moto-7647, No Misalignment 
modin-project__modin-5507,"IS-1,FP-1"
modin-project__modin-5946, No Misalignment 
modin-project__modin-5949,SC-2
modin-project__modin-5952, No Misalignment 
modin-project__modin-5983, No Misalignment 
modin-project__modin-6043, No Misalignment 
modin-project__modin-6057, No Misalignment 
modin-project__modin-6260,No Misalignment
modin-project__modin-6263, No Misalignment 
modin-project__modin-6267,DP-1
modin-project__modin-6270,SC-2
modin-project__modin-6275, IS-2 
modin-project__modin-6292, No Misalignment 
modin-project__modin-6324, No Misalignment 
modin-project__modin-6333, No Misalignment 
modin-project__modin-6344, No Misalignment 
modin-project__modin-6369, No Misalignment 
modin-project__modin-6370,No Misalignment
modin-project__modin-6371,SC-3
modin-project__modin-6381, No Misalignment 
modin-project__modin-6403,SC-3
modin-project__modin-6404,SC-2 
modin-project__modin-6426,SC-3
modin-project__modin-6481, No Misalignment 
modin-project__modin-6486, No Misalignment 
modin-project__modin-6488,IS-2
modin-project__modin-6545," SC-1 ,IS-2"
modin-project__modin-6547, No Misalignment 
modin-project__modin-6554, No Misalignment 
modin-project__modin-6560, No Misalignment 
modin-project__modin-6575, No Misalignment 
modin-project__modin-6608, No Misalignment 
modin-project__modin-6612, No Misalignment 
modin-project__modin-6613, No Misalignment 
modin-project__modin-6618, No Misalignment 
modin-project__modin-6625, UL-1 
modin-project__modin-6631, No Misalignment 
modin-project__modin-6633, No Misalignment 
modin-project__modin-6638, No Misalignment 
modin-project__modin-6648, No Misalignment 
modin-project__modin-6649, No Misalignment 
modin-project__modin-6656, No Misalignment 
modin-project__modin-6673,SC-4
modin-project__modin-6685,UL-1
modin-project__modin-6737,SC-2
modin-project__modin-6751, No Misalignment 
modin-project__modin-6757, No Misalignment 
modin-project__modin-6758, No Misalignment 
modin-project__modin-6759, No Misalignment 
modin-project__modin-6760, IS-1
modin-project__modin-6763, No Misalignment 
modin-project__modin-6764, No Misalignment 
modin-project__modin-6769, No Misalignment 
modin-project__modin-6772, No Misalignment 
modin-project__modin-6775, No Misalignment 
modin-project__modin-6785, No Misalignment 
modin-project__modin-6787, No Misalignment 
modin-project__modin-6788,DP-1
modin-project__modin-6790, IS-1 
modin-project__modin-6798, No Misalignment 
modin-project__modin-6802, No Misalignment 
modin-project__modin-6811, No Misalignment 
modin-project__modin-6821, No Misalignment 
modin-project__modin-6823, No Misalignment 
modin-project__modin-6825, No Misalignment 
modin-project__modin-6844, No Misalignment 
modin-project__modin-6854,SC-3
modin-project__modin-6873,SC-3
modin-project__modin-6884,SC-3
modin-project__modin-6905, No Misalignment 
modin-project__modin-6941, No Misalignment 
modin-project__modin-6951, IS-1
modin-project__modin-6957,IS-2
modin-project__modin-6969, No Misalignment 
modin-project__modin-6980, No Misalignment 
modin-project__modin-6986, No Misalignment 
modin-project__modin-6992, No Misalignment 
modin-project__modin-7018, No Misalignment 
modin-project__modin-7042, No Misalignment 
modin-project__modin-7048, No Misalignment 
modin-project__modin-7055, No Misalignment 
modin-project__modin-7057, UL-1
modin-project__modin-7059, UL-1
modin-project__modin-7063, UL-1
modin-project__modin-7071, No Misalignment 
modin-project__modin-7075, No Misalignment 
modin-project__modin-7089, No Misalignment 
modin-project__modin-7136,DP-2 
modin-project__modin-7140, No Misalignment 
modin-project__modin-7142, No Misalignment 
modin-project__modin-7152, No Misalignment 
modin-project__modin-7158, No Misalignment 
modin-project__modin-7160, No Misalignment 
modin-project__modin-7172, No Misalignment 
modin-project__modin-7177, No Misalignment 
modin-project__modin-7189,SC
modin-project__modin-7193, No Misalignment 
modin-project__modin-7200, No Misalignment 
modin-project__modin-7205, No Misalignment 
modin-project__modin-7208, No Misalignment 
modin-project__modin-7225, No Misalignment 
modin-project__modin-7229, No Misalignment,,
python__mypy-10053,DP-2,,
python__mypy-10057,"SC-2, DP-1",,
python__mypy-10154,No Misalignment,,
python__mypy-10389,"SC-1,DP-1",,
python__mypy-10458,IS-2,,
python__mypy-10572,UL-1,,
python__mypy-10579,"DP-1,UL-1",,
python__mypy-10582,IS-2,,
python__mypy-10609,No Misalignment,,
python__mypy-10766,SC-1,,
python__mypy-10775,"FP-2,IS-2",,
python__mypy-10777,No Misalignment,,
python__mypy-10864,UL-1,,
python__mypy-11135,No Misalignment,,
python__mypy-11137,"UL-1, DP-1",,
python__mypy-11162,No Misalignment,,
python__mypy-11244,No Misalignment,,
python__mypy-11292,No Misalignment,,
python__mypy-11338,No Misalignment,,
python__mypy-11345,"IS-2, UL-1",,
python__mypy-11361,DP-1,,
python__mypy-11396,"SC-2,UL-1",,
python__mypy-11448,"IS-1, UL-1",,
python__mypy-11457,"SC-3,UL-1",,
python__mypy-11483,"IS-1,UL-1",,
python__mypy-11521,No Misalignment,,
python__mypy-11630,"SC-1,DP-1",,
python__mypy-11680,IS-1,,
python__mypy-11681,No Misalignment,,
python__mypy-11787,"SC-1,FP-2",,
python__mypy-11814,No Misalignment,,
python__mypy-11828,"FP-2,SC-4",,
python__mypy-11867,No Misalignment,,
python__mypy-11870,No Misalignment,,
python__mypy-11918,No Misalignment,,
python__mypy-12048,UL-1,,
python__mypy-12250,No Misalignment,,
python__mypy-13284,"IS-2,DP-1",,
python__mypy-13489,No Misalignment,,
python__mypy-13576,No Misalignment,,
python__mypy-13728,SC-1,,
python__mypy-13731,No Misalignment,,
python__mypy-13808,No Misalignment,,
python__mypy-13963,No Misalignment,,
python__mypy-14021,No Misalignment,,
python__mypy-14064,No Misalignment,,
python__mypy-14093,"DP-2,SC-1,IS-2",,
python__mypy-14206,No Misalignment,,
python__mypy-14569,No Misalignment,,
python__mypy-14586,FP-1,,
python__mypy-14682,No Misalignment,,
python__mypy-14885,No Misalignment,,
python__mypy-15042,No Misalignment,,
python__mypy-15050,SC-2,,
python__mypy-15118,UL-1,,
python__mypy-15128,SC-2,,
python__mypy-15174,"SC-2,UL-1",,
python__mypy-15219,"SC-3,UL-1",,
python__mypy-15271,FP-1,,
python__mypy-15297,No Misalignment,,
python__mypy-15353,SC-3,,
python__mypy-15355,No Misalignment,,
python__mypy-15392,No Misalignment,,
python__mypy-15395,IS-2,,
python__mypy-15402,No Misalignment,,
python__mypy-15407,No Misalignment,,
python__mypy-15425,"SC-2,UL-1,IS-2",,
python__mypy-15490,"IS-2,SC-1",,
python__mypy-15625,"SC-1,IS-2",,
python__mypy-15700,No Misalignment,,
python__mypy-15722,No Misalignment,,
python__mypy-15920,No Misalignment,,
python__mypy-15976,No Misalignment,,
python__mypy-16053,No Misalignment,,
python__mypy-16061,No Misalignment,,
python__mypy-16080,No Misalignment,,
python__mypy-16237,SC-2,,
python__mypy-16315,UL-1,,
python__mypy-16541,No Misalignment,,
python__mypy-16556,DP-1,,
python__mypy-16781,No Misalignment,,
python__mypy-16856,No Misalignment,,
python__mypy-17182,DP-1,,
python__mypy-17276,"SC-2,IS-1",,
python__mypy-9102,No Misalignment,,
python__mypy-9577,UL-1,,
python__mypy-9881,No Misalignment,,
python__mypy-9906,No Misalignment,,
pandas-dev__pandas-47273,No Misalignment,,
pandas-dev__pandas-47475,SC-2,,
pandas-dev__pandas-47508,No Misalignment,,
pandas-dev__pandas-47547,No Misalignment,,
pandas-dev__pandas-47585,DP-1,,
pandas-dev__pandas-47633,UL-1,,
pandas-dev__pandas-47643,UL-1,,
pandas-dev__pandas-47749,"FP-1,IS-2",,
pandas-dev__pandas-47757,No Misalignment,,
pandas-dev__pandas-47804,No Misalignment,,
pandas-dev__pandas-47810,No Misalignment,,
pandas-dev__pandas-47841,No Misalignment,,
pandas-dev__pandas-47860,UL-1,,
pandas-dev__pandas-48022,No Misalignment,,
pandas-dev__pandas-48057,No Misalignment,,
pandas-dev__pandas-48149,No Misalignment,,
pandas-dev__pandas-48579,UL-1,,
pandas-dev__pandas-48651,No Misalignment,,
pandas-dev__pandas-48693,No Misalignment,,
pandas-dev__pandas-48713,No Misalignment,,
pandas-dev__pandas-48824,No Misalignment,,
pandas-dev__pandas-48853,"FP-2,IS-2",,
pandas-dev__pandas-48854,No Misalignment,,
pandas-dev__pandas-48954,No Misalignment,,
pandas-dev__pandas-48966,No Misalignment,,
pandas-dev__pandas-49092,No Misalignment,,
pandas-dev__pandas-49118,No Misalignment,,
pandas-dev__pandas-49120,No Misalignment,,
pandas-dev__pandas-49127,No Misalignment,,
pandas-dev__pandas-49186,"IS-1,UL-1",,
pandas-dev__pandas-49446,IS-2,,
pandas-dev__pandas-49536,"UL-1,Others",,
pandas-dev__pandas-49579,No Misalignment,,
pandas-dev__pandas-49637,"SC-1,DP-1",,
pandas-dev__pandas-49738,"DP-1,IS-2",,
pandas-dev__pandas-49747,SC-1,,
pandas-dev__pandas-49875,SC-1,,
pandas-dev__pandas-49908,No Misalignment,,
pandas-dev__pandas-50038,No Misalignment,,
pandas-dev__pandas-50056,No Misalignment,,
pandas-dev__pandas-50148,IS-1,,
pandas-dev__pandas-50151,No Misalignment,,
pandas-dev__pandas-50170,IS-1,,
pandas-dev__pandas-50203,FP-2,,
pandas-dev__pandas-50252,No Misalignment,,
pandas-dev__pandas-50309,SC-2,,
pandas-dev__pandas-50322,SC-1,,
pandas-dev__pandas-50328,IS-1,,
pandas-dev__pandas-50331,No Misalignment,,
pandas-dev__pandas-50464,UL-1,,
pandas-dev__pandas-50505,No Misalignment,,
pandas-dev__pandas-50572,No Misalignment,,
pandas-dev__pandas-50606,No Misalignment,,
pandas-dev__pandas-50627,"UL-1,IS-2,Others",,
pandas-dev__pandas-50676,"UL-1,FP-1,IS-2",,
pandas-dev__pandas-50734,"FP-2,IS-2",,
pandas-dev__pandas-50757,No Misalignment,,
pandas-dev__pandas-50849,No Misalignment,,
pandas-dev__pandas-50909,UL-1,,
pandas-dev__pandas-50939,"SC-1,UL-1",,
pandas-dev__pandas-50955,No Misalignment,,
pandas-dev__pandas-51019,UL-1,,
pandas-dev__pandas-51206,"FP-2,UL-1",,
pandas-dev__pandas-51241,"IS-1,FP-2",,
pandas-dev__pandas-51346,No Misalignment,,
pandas-dev__pandas-51355,IS-1,,
pandas-dev__pandas-51398,IS-2,,
pandas-dev__pandas-51423,No Misalignment,,
pandas-dev__pandas-51585,No Misalignment,,
pandas-dev__pandas-51817,UL-1,,
pandas-dev__pandas-51936,FP-1,,
pandas-dev__pandas-51967,No Misalignment,,
pandas-dev__pandas-51979,No Misalignment,,
pandas-dev__pandas-51997,"UL,Others",,
pandas-dev__pandas-52042,"FP-2,UL-1",,
pandas-dev__pandas-52077,No Misalignment,,
pandas-dev__pandas-52135,IS-1,,
pandas-dev__pandas-52177,No Misalignment,,
pandas-dev__pandas-52180,No Misalignment,,
pandas-dev__pandas-52194,No Misalignment,,
pandas-dev__pandas-52220,No Misalignment,,
pandas-dev__pandas-52236,No Misalignment,,
pandas-dev__pandas-52459,UL-1,,
pandas-dev__pandas-52496,No Misalignment,,
pandas-dev__pandas-52566,No Misalignment,,
pandas-dev__pandas-52572,No Misalignment,,
pandas-dev__pandas-52620,No Misalignment,,
pandas-dev__pandas-52952,"IS-1,UL-1",,
pandas-dev__pandas-53102,No Misalignment,,
pandas-dev__pandas-53360,IS-2,,
pandas-dev__pandas-53397,UL-1,,
pandas-dev__pandas-53496,SC-2,,
pandas-dev__pandas-53511,"UL-1,DP-1",,
pandas-dev__pandas-53681,IS-1,,
pandas-dev__pandas-53698,IS-2,,
pandas-dev__pandas-53795,No Misalignment,,
pandas-dev__pandas-53809,UL-1,,
pandas-dev__pandas-53855,No Misalignment,,
pandas-dev__pandas-53974,UL-1,,
pandas-dev__pandas-54025,DP-1,,
pandas-dev__pandas-54074,DP-1,,
pandas-dev__pandas-54109,SC-1,,
pandas-dev__pandas-54174,UL-1,,
pandas-dev__pandas-54179,IS-1,,
pandas-dev__pandas-54189,No Misalignment,,
pandas-dev__pandas-55058,SC-1,,
pandas-dev__pandas-55079,No Misalignment,,
pandas-dev__pandas-55314,No Misalignment,,
pandas-dev__pandas-55370,No Misalignment,,
pandas-dev__pandas-55495,UL-1,,
pandas-dev__pandas-55518,"FP-2,SC-2",,
pandas-dev__pandas-55562,DP-1,,
pandas-dev__pandas-55568,No Misalignment,,
pandas-dev__pandas-55586,IS-1,,
pandas-dev__pandas-55754,No Misalignment,,
pandas-dev__pandas-55761,No Misalignment,,
pandas-dev__pandas-55963,UL-1,,
pandas-dev__pandas-56055,IS-2,,
pandas-dev__pandas-56245,No Misalignment,,
pandas-dev__pandas-56294,No Misalignment,,
pandas-dev__pandas-56321,No Misalignment,,
pandas-dev__pandas-56332,No Misalignment,,
pandas-dev__pandas-56370,SC-2,,
pandas-dev__pandas-56412,No Misalignment,,
pandas-dev__pandas-56515,"DP-1,IS-2",,
pandas-dev__pandas-56558,UL-1,,
pandas-dev__pandas-56616,UL-1,,
pandas-dev__pandas-56647,DP-1,,
pandas-dev__pandas-56691,No Misalignment,,
pandas-dev__pandas-56766,No Misalignment,,
pandas-dev__pandas-56772,No Misalignment,,
pandas-dev__pandas-56788,No Misalignment,,
pandas-dev__pandas-57046,SC-2,,
pandas-dev__pandas-57058,No Misalignment,,
pandas-dev__pandas-57060,No Misalignment,,
pandas-dev__pandas-57089,No Misalignment,,
pandas-dev__pandas-57173,No Misalignment,,
pandas-dev__pandas-57399,"DP-1,SC-2",,
pandas-dev__pandas-57439,No Misalignment,,
pandas-dev__pandas-57637,"SC-2,UL-1",,
pandas-dev__pandas-57800,IS-2,,
pandas-dev__pandas-57938,UL,,
pandas-dev__pandas-58030,No Misalignment,,
pandas-dev__pandas-58085,IS-2,,
pandas-dev__pandas-58172,No Misalignment,,
pandas-dev__pandas-58249,UL,,
pandas-dev__pandas-58250,No Misalignment,,
pandas-dev__pandas-58301,IS-1,,
pandas-dev__pandas-58438,No Misalignment,,
pandas-dev__pandas-58767,"SC-2,DP-1,UL-1",,
pandas-dev__pandas-47157,"UL-1,IS-1",,
pandas-dev__pandas-47361,No Misalignment,,
pandas-dev__pandas-47371,No Misalignment,,
pandas-dev__pandas-47446,"IS-2,SC-2",,
pandas-dev__pandas-47451,UL-1,,
pandas-dev__pandas-47493,No Misalignment,,
pandas-dev__pandas-47504,IS-2,,
pandas-dev__pandas-47528,"IS-1,UL-1",,
pandas-dev__pandas-47619, No Misalignment,,
pandas-dev__pandas-47714,No Misalignment,,
pandas-dev__pandas-47731,No Misalignment,,
pandas-dev__pandas-47763,No Misalignment,,
pandas-dev__pandas-47774,IS-2,,
pandas-dev__pandas-47780,SC-2,,
pandas-dev__pandas-47794,No Misalignment,,
pandas-dev__pandas-47840,No Misalignment,,
pandas-dev__pandas-47881,No Misalignment,,
pandas-dev__pandas-47927,No Misalignment,,
pandas-dev__pandas-47972,No Misalignment,,
pandas-dev__pandas-48058,No Misalignment,,
pandas-dev__pandas-48073,UL-1,,
pandas-dev__pandas-48094,"SC-1,UL-1",,
pandas-dev__pandas-48164,UL-1,,
pandas-dev__pandas-48167,IS-2,,
pandas-dev__pandas-48169,No Misalignment,,
pandas-dev__pandas-48246,No Misalignment,,
pandas-dev__pandas-48280,IS-1,,
pandas-dev__pandas-48321,UL-1,,
pandas-dev__pandas-48540,UL-1,,
pandas-dev__pandas-48576,"IS-2,SC-2,FP-2",,
pandas-dev__pandas-48637,No Misalignment,,
pandas-dev__pandas-48640,FP-2,,
pandas-dev__pandas-48643,No Misalignment,,
pandas-dev__pandas-48662,No Misalignment,,
pandas-dev__pandas-48676,No Misalignment,,
pandas-dev__pandas-48686,No Misalignment,,
pandas-dev__pandas-48691,"SC-1,UL-1",,
pandas-dev__pandas-48696,No Misalignment,,
pandas-dev__pandas-48702,"SC-1,DP-1",,
pandas-dev__pandas-48711,No Misalignment,,
pandas-dev__pandas-48734,No Misalignment,,
pandas-dev__pandas-48772,No Misalignment,,
pandas-dev__pandas-48776,"FP-2,DP-1",,
pandas-dev__pandas-48782,UL-1,,
pandas-dev__pandas-48890,"IS-2,UL-1",,
pandas-dev__pandas-48970,No Misalignment,,
pandas-dev__pandas-48987,No Misalignment,,
pandas-dev__pandas-49080,No Misalignment,,
pandas-dev__pandas-49155,No Misalignment,,
pandas-dev__pandas-49156,DP-1,,
pandas-dev__pandas-49169,No Misalignment,,
pandas-dev__pandas-49228,"SC-1,IS-2,UL-1",,
pandas-dev__pandas-49284,No Misalignment,,
pandas-dev__pandas-49290,"UL-1,FP-1,IS-2",,
pandas-dev__pandas-49348,No Misalignment,,
pandas-dev__pandas-49373,"SC-1,IS-2",,
pandas-dev__pandas-49377,No Misalignment,,
pandas-dev__pandas-49416,No Misalignment,,
pandas-dev__pandas-49453,FP-1,,
pandas-dev__pandas-49486,FP-1,,
pandas-dev__pandas-49566,"DP-1,IS-2",,
pandas-dev__pandas-49643,SC-2,,
pandas-dev__pandas-49706,"UL-1,IS-2",,
pandas-dev__pandas-49766,No Misalignment,,
pandas-dev__pandas-49864,No Misalignment,,
pandas-dev__pandas-49877,FP-1,,
pandas-dev__pandas-49893,No Misalignment,,
pandas-dev__pandas-49967,No Misalignment,,
pandas-dev__pandas-50020,UL-1,,
pandas-dev__pandas-50024,UL-1,,
pandas-dev__pandas-50044,IS-1,,
pandas-dev__pandas-50081,No Misalignment,,
pandas-dev__pandas-50150,No Misalignment,,
pandas-dev__pandas-50171,No Misalignment,,
pandas-dev__pandas-50175,No Misalignment,,
pandas-dev__pandas-50265,SC-1,,
pandas-dev__pandas-50316,No Misalignment,,
pandas-dev__pandas-50333,No Misalignment,,
pandas-dev__pandas-50366,"DP-2,UL-1",,
pandas-dev__pandas-50375,SC-1,,
pandas-dev__pandas-50398,"DP-1,UL-1",,
pandas-dev__pandas-50414,No Misalignment,,
pandas-dev__pandas-50435,IS-2,,
pandas-dev__pandas-50507,No Misalignment,,
pandas-dev__pandas-50545,"SC-1,FP-2",,
pandas-dev__pandas-50548,SC-1,,
pandas-dev__pandas-50622,UL-1,,
pandas-dev__pandas-50635,No Misalignment,,
pandas-dev__pandas-50713,No Misalignment,,
pandas-dev__pandas-50714,No Misalignment,,
pandas-dev__pandas-50719,No Misalignment,,
pandas-dev__pandas-50748,No Misalignment,,
pandas-dev__pandas-50760,No Misalignment,,
pandas-dev__pandas-50764,SC-1,,
pandas-dev__pandas-50773,No Misalignment,,
pandas-dev__pandas-50774,"SC-1,FP-2",,
pandas-dev__pandas-50793,"UL-1,IS-1,Others",,
pandas-dev__pandas-50844,No Misalignment,,
pandas-dev__pandas-50857,"DP-1,SC-1,IS-2",,
pandas-dev__pandas-50876,No Misalignment,,
pandas-dev__pandas-50901,"SC-2,IS-2",,
pandas-dev__pandas-50930,No Misalignment,,
pandas-dev__pandas-50947,"UL-1,FP-1,IS-2",,
pandas-dev__pandas-50949,UL-1,,
pandas-dev__pandas-50976,IS-2,,
pandas-dev__pandas-50986,No Misalignment,,
pandas-dev__pandas-50988,No Misalignment,,
pandas-dev__pandas-50992,FP-2,,
pandas-dev__pandas-51005,No Misalignment,,
pandas-dev__pandas-51057,No Misalignment,,
pandas-dev__pandas-51139,IS-2,,
pandas-dev__pandas-51157,No Misalignment,,
pandas-dev__pandas-51175,No Misalignment,,
pandas-dev__pandas-51191,No Misalignment,,
pandas-dev__pandas-51320,No Misalignment,,
pandas-dev__pandas-51333,No Misalignment,,
pandas-dev__pandas-51395,UL-1,,
pandas-dev__pandas-51414,No Misalignment,,
pandas-dev__pandas-51477,"SC-1,UL-1",,
pandas-dev__pandas-51525,"UL-1,SC-2,DP-1,FP-2",,
pandas-dev__pandas-51538,No Misalignment,,
pandas-dev__pandas-51542,No Misalignment,,
pandas-dev__pandas-51548,No Misalignment,,
pandas-dev__pandas-51631,No Misalignment,,
pandas-dev__pandas-51645,"SC-1,UL-1,DP-1",,
pandas-dev__pandas-51689,No Misalignment,,
pandas-dev__pandas-51697,No Misalignment,,
pandas-dev__pandas-51741,No Misalignment,,
pandas-dev__pandas-51756,UL-1,,
pandas-dev__pandas-51777,No Misalignment,,
pandas-dev__pandas-51790,"UL-1,SC-2",,
pandas-dev__pandas-51793,No Misalignment,,
pandas-dev__pandas-51811,UL-1,,
pandas-dev__pandas-51854,SC-2,,
pandas-dev__pandas-51895,No Misalignment,,
pandas-dev__pandas-51901,UL-1,,
pandas-dev__pandas-51947,No Misalignment,,
pandas-dev__pandas-51976,No Misalignment,,
pandas-dev__pandas-51978,SC-3,,
pandas-dev__pandas-51985,No Misalignment,,
pandas-dev__pandas-52018,"SC-1,UL-1",,
pandas-dev__pandas-52076,No Misalignment,,
pandas-dev__pandas-52096,"UL-1,SC-2",,
pandas-dev__pandas-52112,SC-2,,
pandas-dev__pandas-52115,DP-2,,
pandas-dev__pandas-52123,"DP-1,UL-1",,
pandas-dev__pandas-52130,"SC-1,UL-1",,
pandas-dev__pandas-52143,"SC-1, IS-2,UL-1",,
pandas-dev__pandas-52195,No Misalignment,,
pandas-dev__pandas-52201,No Misalignment,,
pandas-dev__pandas-52202,Others,,
pandas-dev__pandas-52212,FP-2,,
pandas-dev__pandas-52268,"UL-1,IS-2",,
pandas-dev__pandas-52281,"UL-1,SC-1,IS-2",,
pandas-dev__pandas-52330,No Misalignment,,
pandas-dev__pandas-52333,"DP-1,FP-1",,
pandas-dev__pandas-52337,UL-1,,
pandas-dev__pandas-52391,No Misalignment,,
pandas-dev__pandas-52422,No Misalignment,,
pandas-dev__pandas-52426,"IS-1,SC-3",,
pandas-dev__pandas-52446,No Misalignment,,
pandas-dev__pandas-52470,No Misalignment,,
pandas-dev__pandas-52477,"IS-2,UL-1,DP-1",,
pandas-dev__pandas-52528,No Misalignment,,
pandas-dev__pandas-52532,UL-1,,
pandas-dev__pandas-52551,SC-3,,
pandas-dev__pandas-52567,UL-1,,
pandas-dev__pandas-52577,No Misalignment,,
pandas-dev__pandas-52992,UL-1,,
pandas-dev__pandas-53043,UL-1,,
pandas-dev__pandas-53044,No Misalignment,,
pandas-dev__pandas-53049,No Misalignment,,
pandas-dev__pandas-53118,No Misalignment,,
pandas-dev__pandas-53161,No Misalignment,,
pandas-dev__pandas-53205,IS-2,,
pandas-dev__pandas-53215,IS-2,,
pandas-dev__pandas-53216,SC-2,,
pandas-dev__pandas-53220,No Misalignment,,
pandas-dev__pandas-53223,No Misalignment,,
pandas-dev__pandas-53237,IS-2,,
pandas-dev__pandas-53257,No Misalignment,,
pandas-dev__pandas-53272,No Misalignment,,
pandas-dev__pandas-53288,No Misalignment,,
pandas-dev__pandas-53296,No Misalignment,,
pandas-dev__pandas-53298,FP-1,,
pandas-dev__pandas-53301,UL-1,,
pandas-dev__pandas-53344,SC-3,,
pandas-dev__pandas-53375,No Misalignment,,
pandas-dev__pandas-53391,No Misalignment,,
pandas-dev__pandas-53409,UL-1,,
pandas-dev__pandas-53419,"UL-1,IS-2",,
pandas-dev__pandas-53421,"DP-1,UL-1,IS-2",,
pandas-dev__pandas-53458,SC-2,,
pandas-dev__pandas-53494,UL-1,,
pandas-dev__pandas-53517,No Misalignment,,
pandas-dev__pandas-53519,"SC-1,IS-2,FP-2",,
pandas-dev__pandas-53607,UL-1,,
pandas-dev__pandas-53638,UL-1,,
pandas-dev__pandas-53641,No Misalignment,,
pandas-dev__pandas-53651,No Misalignment,,
pandas-dev__pandas-53652,No Misalignment,,
pandas-dev__pandas-53697,DP-1,,
pandas-dev__pandas-53709,No Misalignment,,
pandas-dev__pandas-53710,UL-1,,
pandas-dev__pandas-53736,No Misalignment,,
pandas-dev__pandas-53764,No Misalignment,,
pandas-dev__pandas-53769,"IS-1,UL-1",,
pandas-dev__pandas-53787,No Misalignment,,
pandas-dev__pandas-53805,UL-1,,
pandas-dev__pandas-53830,UL-1,,
pandas-dev__pandas-53844,No Misalignment,,
pandas-dev__pandas-53962,No Misalignment,,
pandas-dev__pandas-53975,"UL-1,IS-2",,
pandas-dev__pandas-54001,"FP-2,UL-1",,
pandas-dev__pandas-54002,No Misalignment,,
pandas-dev__pandas-54015,No Misalignment,,
pandas-dev__pandas-54027,No Misalignment,,
pandas-dev__pandas-54068,IS-1,,
pandas-dev__pandas-54098,"UL-1,IS-2",,
pandas-dev__pandas-54102,No Misalignment,,
pandas-dev__pandas-54115,"IS-2,UL-1",,
pandas-dev__pandas-54129,"SC-3,IS-1",,
pandas-dev__pandas-54130,No Misalignment,,
pandas-dev__pandas-54133,No Misalignment,,
pandas-dev__pandas-54159,IS-2,,
pandas-dev__pandas-54166,No Misalignment,,
pandas-dev__pandas-54186,No Misalignment,,
pandas-dev__pandas-54234,SC-2,,
pandas-dev__pandas-54272,No Misalignment,,
pandas-dev__pandas-54302,No Misalignment,,
pandas-dev__pandas-54306,No Misalignment,,
pandas-dev__pandas-54372,No Misalignment,,
pandas-dev__pandas-54388,IS-2,,
pandas-dev__pandas-54428,No Misalignment,,
pandas-dev__pandas-54451,No Misalignment,,
pandas-dev__pandas-54460,No Misalignment,,
pandas-dev__pandas-54687,DP-1,,
pandas-dev__pandas-55115,No Misalignment,,
pandas-dev__pandas-55227,DP-1,,
pandas-dev__pandas-55249,No Misalignment,,
pandas-dev__pandas-55257,UL-1,,
pandas-dev__pandas-55259,No Misalignment,,
pandas-dev__pandas-55340,FP-2,,
pandas-dev__pandas-55395,No Misalignment,,
pandas-dev__pandas-55448,UL-1,,
pandas-dev__pandas-55580,No Misalignment,,
pandas-dev__pandas-55670,DP-1,,
pandas-dev__pandas-55690,No Misalignment,,
pandas-dev__pandas-55719,UL-1,,
pandas-dev__pandas-55738,"SC-1,UL-1",,
pandas-dev__pandas-55764,No Misalignment,,
pandas-dev__pandas-55777,"UL-1,IS-2",,
pandas-dev__pandas-55793,UL-1,,
pandas-dev__pandas-55844,"UL-1,DP-1,IS-2",,
pandas-dev__pandas-55868,No Misalignment,,
pandas-dev__pandas-55895,UL-1,,
pandas-dev__pandas-55927,UL-1,,
pandas-dev__pandas-55929,No Misalignment,,
pandas-dev__pandas-55930,No Misalignment,,
pandas-dev__pandas-55933,FP-1,,
pandas-dev__pandas-55968,UL-1,,
pandas-dev__pandas-56016,SC-2,,
pandas-dev__pandas-56053,UL-1,,
pandas-dev__pandas-56054,No Misalignment,,
pandas-dev__pandas-56059,"UL-1,IS-2",,
pandas-dev__pandas-56120,"UL-1,IS-2",,
pandas-dev__pandas-56149,No Misalignment,,
pandas-dev__pandas-56175,UL-1,,
pandas-dev__pandas-56220,UL-1,,
pandas-dev__pandas-56237,UL-1 ,,
pandas-dev__pandas-56244,UL-1,,
pandas-dev__pandas-56250,SC-1,,
pandas-dev__pandas-56281,IS-2,,
pandas-dev__pandas-56291,SC-2,,
pandas-dev__pandas-56334,UL-1,,
pandas-dev__pandas-56347,UL-1,,
pandas-dev__pandas-56350,No Misalignment,,
pandas-dev__pandas-56365,IS-2,,
pandas-dev__pandas-56368,UL-1,,
pandas-dev__pandas-56371,No Misalignment,,
pandas-dev__pandas-56385,UL-1,,
pandas-dev__pandas-56419,"FP-1,UL-1",,
pandas-dev__pandas-56421,UL-1,,
pandas-dev__pandas-56426,No Misalignment,,
pandas-dev__pandas-56484,"DP-1,SC-1",,
pandas-dev__pandas-56487,No Misalignment,,
pandas-dev__pandas-56490,No Misalignment,,
pandas-dev__pandas-56522,No Misalignment,,
pandas-dev__pandas-56531,"DP-1, IS-2",,
pandas-dev__pandas-56538,No Misalignment,,
pandas-dev__pandas-56580,No Misalignment,,
pandas-dev__pandas-56594,"IS-2,UL-1",,
pandas-dev__pandas-56613,No Misalignment,,
pandas-dev__pandas-56677,SC-1,,
pandas-dev__pandas-56767,DP-1,,
pandas-dev__pandas-56769,No Misalignment,,
pandas-dev__pandas-56802,No Misalignment,,
pandas-dev__pandas-56906,No Misalignment,,
pandas-dev__pandas-56981,No Misalignment,,
pandas-dev__pandas-56985,No Misalignment,,
pandas-dev__pandas-57018,No Misalignment,,
pandas-dev__pandas-57061,No Misalignment,,
pandas-dev__pandas-57101,No Misalignment,,
pandas-dev__pandas-57102,"IS-2,SC-2",,
pandas-dev__pandas-57116,No Misalignment,,
pandas-dev__pandas-57139,No Misalignment,,
pandas-dev__pandas-57157,SC-3,,
pandas-dev__pandas-57175,No Misalignment,,
pandas-dev__pandas-57205,No Misalignment,,
pandas-dev__pandas-57208,No Misalignment,,
pandas-dev__pandas-57250,No Misalignment,,
pandas-dev__pandas-57272,No Misalignment,,
pandas-dev__pandas-57295,IS-2,,
pandas-dev__pandas-57323,No Misalignment,,
pandas-dev__pandas-57329,No Misalignment,,
pandas-dev__pandas-57333,No Misalignment,,
pandas-dev__pandas-57361,No Misalignment,,
pandas-dev__pandas-57372,DP-2,,
pandas-dev__pandas-57375,UL-1,,
pandas-dev__pandas-57422,No Misalignment,,
pandas-dev__pandas-57474,No Misalignment,,
pandas-dev__pandas-57489,No Misalignment,,
pandas-dev__pandas-57536,No Misalignment,,
pandas-dev__pandas-57548,No Misalignment,,
pandas-dev__pandas-57570,FP-1,,
pandas-dev__pandas-57679,No Misalignment,,
pandas-dev__pandas-57697,No Misalignment,,
pandas-dev__pandas-57758,No Misalignment,,
pandas-dev__pandas-57764,SC-1,,
pandas-dev__pandas-57779,No Misalignment,,
pandas-dev__pandas-57783,No Misalignment,,
pandas-dev__pandas-57865,No Misalignment,,
pandas-dev__pandas-57875,UL-1,,
pandas-dev__pandas-57957,No Misalignment,,
pandas-dev__pandas-57965,No Misalignment,,
pandas-dev__pandas-57968,"UL-1,IS-2",,
pandas-dev__pandas-57985,IS-2,,
pandas-dev__pandas-58028,No Misalignment,,
pandas-dev__pandas-58084,No Misalignment,,
pandas-dev__pandas-58148,No Misalignment,,
pandas-dev__pandas-58226,UL-1,,
pandas-dev__pandas-58231,SC-2,,
pandas-dev__pandas-58335,IS-1,,
pandas-dev__pandas-58360,No Misalignment,,
pandas-dev__pandas-58369,No Misalignment,,
pandas-dev__pandas-58383,UL-1,,
pandas-dev__pandas-58437,No Misalignment,,
pandas-dev__pandas-58549,SC-3,,
pandas-dev__pandas-58724,No Misalignment,,
pandas-dev__pandas-58733,"SC-1, DP-2",,
python__mypy-16356,No Misalignment
python__mypy-11489,No Misalignment
python__mypy-10288,No Misalignment
python__mypy-9742,"SC-4,FP-2"
python__mypy-15327,No Misalignment
python__mypy-15403,SC-2
python__mypy-16074,No Misalignment
python__mypy-16608,SC-2
python__mypy-11329,"DP-1,IS-2"
python__mypy-12548,No Misalignment
python__mypy-11273,DP-1
python__mypy-13514,"SC-2,IS-2"
python__mypy-16670,No Misalignment
conan-io__conan-12695,UL-1
conan-io__conan-10812,"SC-2,UL-1"
conan-io__conan-13390,"SC-2,UL-1"
conan-io__conan-13622,"IS-2,UL-1"
conan-io__conan-14362,UL-1
conan-io__conan-12762,No Misalignment
conan-io__conan-14616,No Misalignment
conan-io__conan-11803,No Misalignment
conan-io__conan-9099,IS-2
conan-io__conan-10975,UL-1
conan-io__conan-9431,No Misalignment
conan-io__conan-14727,No Misalignment
conan-io__conan-13757,No Misalignment
conan-io__conan-15007,"SC-2,UL-1"
conan-io__conan-14164,No Misalignment
conan-io__conan-14167,No Misalignment
conan-io__conan-14195,No Misalignment
conan-io__conan-14378,IS-1
conan-io__conan-9758,No Misalignment
conan-io__conan-10874,No Misalignment
conan-io__conan-10917,DP-1
conan-io__conan-10213,IS-1
conan-io__conan-13450,No Misalignment
conan-io__conan-11348,"IS-2,UL-1"
conan-io__conan-10959,No Misalignment
conan-io__conan-16350,No Misalignment
conan-io__conan-14254,"IS-2,UL-1"
conan-io__conan-15109,No Misalignment
conan-io__conan-12086,No Misalignment
conan-io__conan-16038,IS-2
conan-io__conan-12353,No Misalignment
conan-io__conan-8355,"DP-1,IS-2"
conan-io__conan-14760,No Misalignment
conan-io__conan-12307,SC-3
conan-io__conan-10875,"FP-1,IS-1"
conan-io__conan-14051,No Misalignment
conan-io__conan-10941,No Misalignment
conan-io__conan-13623,SC-4
conan-io__conan-13729,"SC-1,FP-2,DP-1"
conan-io__conan-11666,"SC-2,IS-2"
conan-io__conan-15699,No Misalignment
conan-io__conan-11655,"SC-2,DP-1"
conan-io__conan-10960,No Misalignment
conan-io__conan-15121,No Misalignment
conan-io__conan-14185,No Misalignment
conan-io__conan-14795,No Misalignment
conan-io__conan-14532,DP-1
conan-io__conan-10408,"DP-1,IS-2"
conan-io__conan-12854,"SC-2,UL-1"
conan-io__conan-15185,No Misalignment
conan-io__conan-12578,No Misalignment
conan-io__conan-14709,No Misalignment
conan-io__conan-16103,UL-1
conan-io__conan-15950,No Misalignment
conan-io__conan-14397,No Misalignment
conan-io__conan-11799,UL-1
conan-io__conan-10978,SC-2
conan-io__conan-15514,IS-2
conan-io__conan-10686,UL-1
conan-io__conan-16028,SC-3
conan-io__conan-11330,No Misalignment
conan-io__conan-15931,No Misalignment
conan-io__conan-11505,"SC-2,UL-1"
iterative__dvc-6893,No Misalignment
iterative__dvc-5064,"SC-1,IS-2,UL-1"
iterative__dvc-1855,No Misalignment
iterative__dvc-3876,No Misalignment
iterative__dvc-4011,SC-2
iterative__dvc-2153,No Misalignment
iterative__dvc-1809,No Misalignment
iterative__dvc-4613,No Misalignment
iterative__dvc-6799,No Misalignment
iterative__dvc-3784,No Misalignment
iterative__dvc-3532,IS-2
iterative__dvc-9646,No Misalignment
iterative__dvc-6855,UL-1
iterative__dvc-1651,No Misalignment
iterative__dvc-4670,No Misalignment
iterative__dvc-9533,No Misalignment
iterative__dvc-4538,No Misalignment
iterative__dvc-3472,"IS-2,UL-1"
iterative__dvc-4149,No Misalignment
iterative__dvc-4034,No Misalignment
iterative__dvc-4075,No Misalignment
iterative__dvc-5747,No Misalignment
iterative__dvc-1700,No Misalignment
iterative__dvc-5888,No Misalignment
iterative__dvc-1637,No Misalignment
iterative__dvc-9498,IS-2
iterative__dvc-6600,No Misalignment
iterative__dvc-5818,SC-2
iterative__dvc-1684,No Misalignment
iterative__dvc-9783,UL-1
iterative__dvc-8904,No Misalignment
iterative__dvc-4623,No Misalignment
iterative__dvc-10218,No Misalignment
iterative__dvc-1781,No Misalignment
iterative__dvc-1980,IS-2
iterative__dvc-9350,"IS-2,UL-1"
iterative__dvc-8381,SC-3
iterative__dvc-5161,No Misalignment
iterative__dvc-1892,SC-1
iterative__dvc-8187,No Misalignment
iterative__dvc-6566,No Misalignment
iterative__dvc-8024,No Misalignment
iterative__dvc-3493,No Misalignment
iterative__dvc-4767,No Misalignment
iterative__dvc-2112,SC-4
iterative__dvc-1690,"SC-1,UL-1"
iterative__dvc-6273,IS-2
iterative__dvc-6867,SC-2
iterative__dvc-9788,SC-2
iterative__dvc-1603,No Misalignment
iterative__dvc-3524,IS-2
iterative__dvc-8360,SC-2
iterative__dvc-9246,SC-2
iterative__dvc-7103,No Misalignment
iterative__dvc-9570,IS-2
iterative__dvc-1829,No Misalignment
iterative__dvc-9888,SC-2
iterative__dvc-5785,No Misalignment
iterative__dvc-1965,No Misalignment
iterative__dvc-3715,No Misalignment
iterative__dvc-9676,No Misalignment
iterative__dvc-3929,"SC-2,IS-2"
iterative__dvc-9138,UL-1
iterative__dvc-4978,UL-1
iterative__dvc-4706,"SC-1,UL-1,IS-1"
iterative__dvc-6810,No Misalignment
iterative__dvc-10213,No Misalignment
iterative__dvc-6845,UL-1
iterative__dvc-1759,IS-2
iterative__dvc-9838,No Misalignment
iterative__dvc-8380,No Misalignment
iterative__dvc-4480,UL-1
iterative__dvc-4488,IS-2
iterative__dvc-4001,No Misalignment
iterative__dvc-4817,IS-2
iterative__dvc-6525,No Misalignment
iterative__dvc-6866,IS-2
iterative__dvc-4890,IS-2
iterative__dvc-4976,SC-2
iterative__dvc-5907,UL-1
iterative__dvc-3940,IS-2
iterative__dvc-9071,Others
iterative__dvc-6982,No Misalignment
iterative__dvc-4566,No Misalignment
iterative__dvc-5005,"IS-2,UL-1"
iterative__dvc-3806,IS-2
iterative__dvc-4848,UL-1
iterative__dvc-3998,IS-2
iterative__dvc-10365,IS-2
iterative__dvc-6284,No Misalignment
iterative__dvc-2133,"IS-2,UL-1"
iterative__dvc-4049,IS-2
iterative__dvc-2164,IS-2
iterative__dvc-5160,No Misalignment
iterative__dvc-8152,No Misalignment
iterative__dvc-4334,No Misalignment
iterative__dvc-10359,SC-2
iterative__dvc-4517,No Misalignment
iterative__dvc-5118,No Misalignment
iterative__dvc-3895,No Misalignment
iterative__dvc-4934,No Misalignment
iterative__dvc-6519,IS-2
iterative__dvc-4568,No Misalignment
iterative__dvc-2118,IS-2
iterative__dvc-1992,IS-2
iterative__dvc-2275,SC-3
iterative__dvc-3537,No Misalignment
iterative__dvc-8166,No Misalignment
iterative__dvc-5264,No Misalignment
iterative__dvc-4114,"IS-2,UL-1"
iterative__dvc-6550,"SC-2,IS-2"
iterative__dvc-3559,SC-2
iterative__dvc-3992,IS-2
iterative__dvc-9511,IS-2
iterative__dvc-4323,UL-1
iterative__dvc-5126,UL-1
iterative__dvc-4872,Others
iterative__dvc-1942,No Misalignment
iterative__dvc-9747,No Misalignment
iterative__dvc-1749,No Misalignment
iterative__dvc-9825,No Misalignment
iterative__dvc-6983,"SC-2,UL-1"
iterative__dvc-4543,No Misalignment
iterative__dvc-6811,No Misalignment
iterative__dvc-8364,No Misalignment
iterative__dvc-6565,No Misalignment
iterative__dvc-5550,No Misalignment
pandas-dev__pandas-49613,No Misalignment
pandas-dev__pandas-47771,No Misalignment
pandas-dev__pandas-57314,No Misalignment
pandas-dev__pandas-48176,No Misalignment
pandas-dev__pandas-56926,IS-2
pandas-dev__pandas-50094,No Misalignment
pandas-dev__pandas-48888,UL-1
pandas-dev__pandas-50530,No Misalignment
pandas-dev__pandas-48866,No Misalignment
pandas-dev__pandas-47231,UL-1
pandas-dev__pandas-50440,IS-2
pandas-dev__pandas-55807,No Misalignment
pandas-dev__pandas-49680,No Misalignment
pandas-dev__pandas-55696,No Misalignment
pandas-dev__pandas-55678,SC-2
pandas-dev__pandas-52516,No Misalignment
pandas-dev__pandas-57471,No Misalignment
pandas-dev__pandas-53634,IS-2
pandas-dev__pandas-51007,No Misalignment
pandas-dev__pandas-51193,IS-2
pandas-dev__pandas-48714,No Misalignment
pandas-dev__pandas-50762,"FP-2,IS-2"
pandas-dev__pandas-48619,No Misalignment
pandas-dev__pandas-51960,UL-1
pandas-dev__pandas-56167,No Misalignment
pandas-dev__pandas-48050,UL-1
pandas-dev__pandas-54263,IS-2
pandas-dev__pandas-57232,No Misalignment
pandas-dev__pandas-53194,No Misalignment
pandas-dev__pandas-56427,"SC-2,UL-1"
pandas-dev__pandas-57342,No Misalignment
pandas-dev__pandas-48847,IS-2
pandas-dev__pandas-56017,No Misalignment
pandas-dev__pandas-49378,IS-2
pandas-dev__pandas-51274,IS-2
pandas-dev__pandas-53817,UL-1
pandas-dev__pandas-58349,IS-2
pandas-dev__pandas-53671,"IS-2,FP-2"
pandas-dev__pandas-51048,No Misalignment
pandas-dev__pandas-57880,SC-1
pandas-dev__pandas-49574,No Misalignment
pandas-dev__pandas-56688,No Misalignment
pandas-dev__pandas-57174,UL-1
pandas-dev__pandas-57103,IS-2
pandas-dev__pandas-57987,UL-1
pandas-dev__pandas-51042,UL-1
pandas-dev__pandas-55270,No Misalignment
pandas-dev__pandas-55439,UL-1
pandas-dev__pandas-55534,IS-2
pandas-dev__pandas-56948,IS-2
pandas-dev__pandas-54226,"IS-1,UL-1"
pandas-dev__pandas-47222,No Misalignment
pandas-dev__pandas-55173,SC-1
pandas-dev__pandas-53505,No Misalignment
pandas-dev__pandas-53825,"SC-4,DP-1"
pandas-dev__pandas-48555,"IS-2,UL-1"
pandas-dev__pandas-49794,No Misalignment
pandas-dev__pandas-58494,UL-1
pandas-dev__pandas-49047,No Misalignment
pandas-dev__pandas-55633,No Misalignment
pandas-dev__pandas-49920,No Misalignment
pandas-dev__pandas-51401,IS-1
pandas-dev__pandas-50287,IS-2
pandas-dev__pandas-50364,No Misalignment
pandas-dev__pandas-47586,No Misalignment
pandas-dev__pandas-47848,No Misalignment
pandas-dev__pandas-55734,"UL-1,IS-2"
pandas-dev__pandas-49140,SC-1
pandas-dev__pandas-56488,No Misalignment
pandas-dev__pandas-56585,No Misalignment
pandas-dev__pandas-51672,FP-2
pandas-dev__pandas-57297,No Misalignment
pandas-dev__pandas-52264,UL-1
pandas-dev__pandas-53856,No Misalignment
pandas-dev__pandas-53495,IS-2
pandas-dev__pandas-49249,"IS-2,UL-1"
pandas-dev__pandas-49333,"DP-1,IS-2,UL-1"
pandas-dev__pandas-50067,No Misalignment
pandas-dev__pandas-48185,No Misalignment
pandas-dev__pandas-56650,No Misalignment
pandas-dev__pandas-54087,No Misalignment
pandas-dev__pandas-52518,No Misalignment
pandas-dev__pandas-49912,IS-2
pandas-dev__pandas-51869,No Misalignment
pandas-dev__pandas-47550,No Misalignment
pandas-dev__pandas-50685,No Misalignment
pandas-dev__pandas-54997,No Misalignment
pandas-dev__pandas-48660,SC-2
pandas-dev__pandas-52058,No Misalignment
pandas-dev__pandas-49091,SC-2
pandas-dev__pandas-51009,No Misalignment
pandas-dev__pandas-57402,No Misalignment
pandas-dev__pandas-56757,"SC-2,FP-2"
pandas-dev__pandas-52565,No Misalignment
pandas-dev__pandas-49438,No Misalignment
pandas-dev__pandas-47894,No Misalignment
pandas-dev__pandas-49815,No Misalignment
pandas-dev__pandas-47900,No Misalignment
pandas-dev__pandas-47754,No Misalignment
pandas-dev__pandas-53073,No Misalignment
pandas-dev__pandas-53443,SC-2
pandas-dev__pandas-50586,SC-4
pandas-dev__pandas-48587,"SC-1,UL-1"
pandas-dev__pandas-55283,SC-1
pandas-dev__pandas-49124,No Misalignment
pandas-dev__pandas-52174,No Misalignment
pandas-dev__pandas-49419,No Misalignment
pandas-dev__pandas-51418,No Misalignment
pandas-dev__pandas-57169,No Misalignment
pandas-dev__pandas-47851,UL-1
pandas-dev__pandas-49933,IS-2
pandas-dev__pandas-57553,SC-2
pandas-dev__pandas-53682,No Misalignment
pandas-dev__pandas-54246,DP-2
pandas-dev__pandas-48178,IS-2
pandas-dev__pandas-47672,No Misalignment
pandas-dev__pandas-47605,No Misalignment
pandas-dev__pandas-50964,No Misalignment
pandas-dev__pandas-56038,"UL-1,Others"
pandas-dev__pandas-58057,No Misalignment
pandas-dev__pandas-50444,"FP-2,IS-2"
pandas-dev__pandas-50863,No Misalignment
pandas-dev__pandas-54341,SC-1
pandas-dev__pandas-48008,No Misalignment
pandas-dev__pandas-50173,No Misalignment
pandas-dev__pandas-53122,No Misalignment
pandas-dev__pandas-50242,SC-1
pandas-dev__pandas-48234,FP-1
pandas-dev__pandas-53213,No Misalignment
pandas-dev__pandas-50672,"SC-2,DP-1"
pandas-dev__pandas-55352,"UL-1,Others"
pandas-dev__pandas-53654,No Misalignment
pandas-dev__pandas-53623,No Misalignment
pandas-dev__pandas-49161,No Misalignment
pandas-dev__pandas-57488,No Misalignment
pandas-dev__pandas-48697,No Misalignment
pandas-dev__pandas-48774,UL-1
pandas-dev__pandas-52036,No Misalignment
pandas-dev__pandas-49011,No Misalignment
pandas-dev__pandas-50332,No Misalignment
pandas-dev__pandas-55768,"SC-2,FP-1,IS-1"
pandas-dev__pandas-53893,IS-2
pandas-dev__pandas-53060,No Misalignment
pandas-dev__pandas-57225,"UL-1,SC-2"
pandas-dev__pandas-49658,No Misalignment
pandas-dev__pandas-47747,No Misalignment
pandas-dev__pandas-53189,No Misalignment
pandas-dev__pandas-49652,IS-2
pandas-dev__pandas-53520,"DP-1,UL-1"
pandas-dev__pandas-53557,"SC-3,UL-1,IS-1,DP-1"
pandas-dev__pandas-53877,No Misalignment
pandas-dev__pandas-49262,IS-2
pandas-dev__pandas-50506,SC-1
pandas-dev__pandas-56194,No Misalignment
pandas-dev__pandas-57665,No Misalignment
pandas-dev__pandas-53977,No Misalignment
pandas-dev__pandas-54643,UL-1
pandas-dev__pandas-55841,No Misalignment
pandas-dev__pandas-47630,No Misalignment
pandas-dev__pandas-48147,No Misalignment
pandas-dev__pandas-49212,No Misalignment
pandas-dev__pandas-48820,No Misalignment
pandas-dev__pandas-48857,No Misalignment
pandas-dev__pandas-54099,No Misalignment
pandas-dev__pandas-50232,No Misalignment
pandas-dev__pandas-47434,No Misalignment
pandas-dev__pandas-55712,SC-1
pandas-dev__pandas-48797,FP-1
pandas-dev__pandas-56290,No Misalignment
pandas-dev__pandas-50796,No Misalignment
pandas-dev__pandas-55258,No Misalignment
pandas-dev__pandas-57485,No Misalignment
pandas-dev__pandas-49182,No Misalignment
pandas-dev__pandas-54170,"SC-1,UL-1,Others"
pandas-dev__pandas-50238,No Misalignment
pandas-dev__pandas-48334,IS-2
pandas-dev__pandas-47987,"SC-2,IS-2"
pandas-dev__pandas-57121,IS-2
pandas-dev__pandas-50109,No Misalignment
pandas-dev__pandas-53055,No Misalignment
pandas-dev__pandas-50539,IS-2
pandas-dev__pandas-53418,No Misalignment
pandas-dev__pandas-53938,DP-1
pandas-dev__pandas-49610,No Misalignment
pandas-dev__pandas-51611,No Misalignment
pandas-dev__pandas-58254,No Misalignment
pandas-dev__pandas-56341,SC-2
pandas-dev__pandas-51565,No Misalignment
pandas-dev__pandas-56771,IS-2
pandas-dev__pandas-52964,IS-2
pandas-dev__pandas-49024,"SC-1,UL-1"
pandas-dev__pandas-52074,UL-1
pandas-dev__pandas-52003,"DP-1,UL-1"
pandas-dev__pandas-48736,No Misalignment
pandas-dev__pandas-49395,No Misalignment
pandas-dev__pandas-52251,No Misalignment
pandas-dev__pandas-47623,No Misalignment
pandas-dev__pandas-56459,DP-1
pandas-dev__pandas-52788,"SC-1,IS-2"
pandas-dev__pandas-56523,SC-3
pandas-dev__pandas-47387,FP-1
pandas-dev__pandas-48943,UL-1
pandas-dev__pandas-49442,FP-2
pandas-dev__pandas-47557,SC-1
pandas-dev__pandas-47994,No Misalignment
pandas-dev__pandas-48760,No Misalignment
pandas-dev__pandas-50682,No Misalignment
pandas-dev__pandas-49078,No Misalignment
pandas-dev__pandas-53207,IS-2
pandas-dev__pandas-51987,FP-1
pandas-dev__pandas-48111,SC-2
pandas-dev__pandas-48085,IS-2
pandas-dev__pandas-47761,"DP-1,UL-1"
pandas-dev__pandas-47716,No Misalignment
pandas-dev__pandas-56051,SC-2
pandas-dev__pandas-52214,IS-2
pandas-dev__pandas-48995,No Misalignment
pandas-dev__pandas-53571,UL-1
pandas-dev__pandas-55077,No Misalignment
pandas-dev__pandas-47351,No Misalignment
pandas-dev__pandas-52364,UL-1
pandas-dev__pandas-51335,"SC-1,FP-2"
pandas-dev__pandas-49609,UL-1
pandas-dev__pandas-51691,No Misalignment
pandas-dev__pandas-53678,No Misalignment
pandas-dev__pandas-47581,No Misalignment
pandas-dev__pandas-53672,No Misalignment
pandas-dev__pandas-51131,SC-2
pandas-dev__pandas-49147,No Misalignment
pandas-dev__pandas-56352,No Misalignment
pandas-dev__pandas-56228,No Misalignment
pandas-dev__pandas-50759,No Misalignment
bokeh__bokeh-13641,"IS-2,UL-1"
bokeh__bokeh-13298,"IS-2,UL-1"
bokeh__bokeh-13239,DP-1
bokeh__bokeh-13721,No Misalignment
bokeh__bokeh-13370,No Misalignment
bokeh__bokeh-13535,SC-3
bokeh__bokeh-13636,"SC-3,IS-2"
bokeh__bokeh-12779,SC-3
bokeh__bokeh-13041,"SC-1,DP-1"
bokeh__bokeh-13328,No Misalignment
bokeh__bokeh-12841,"SC-1,FP-2"
bokeh__bokeh-13404,No Misalignment
bokeh__bokeh-13391,IS-2
bokeh__bokeh-13258,SC-3
bokeh__bokeh-12902,SC-1
bokeh__bokeh-13608,SC-2
bokeh__bokeh-13198,No Misalignment
bokeh__bokeh-13147,No Misalignment
bokeh__bokeh-13443,No Misalignment
bokeh__bokeh-13491,No Misalignment
bokeh__bokeh-12867,No Misalignment
bokeh__bokeh-13422,No Misalignment
bokeh__bokeh-13318,No Misalignment
bokeh__bokeh-13800,"SC-3,UL-1"
bokeh__bokeh-13757,IS-2
